osm_type,osm_id,latitude,longitude,industrial,landuse,power,man_made,building,product,plant_source,plant_method,resource,description,source_file
node,343703676,10.3377268,76.221943,slaughterhouse,industrial,,,,,,,,,industrial-types.osm.pbf
node,1545193206,23.2395798,69.7914933,business,,,,,,,,,,industrial-types.osm.pbf
node,2527030591,13.2386523,80.098155,,,tower,,,,,,,,industrial-types.osm.pbf
node,2556368813,10.7120019,79.5161863,sawmill,,,,,,,,,,industrial-types.osm.pbf
node,3358197637,12.9706377,74.8407819,depot,industrial,,,,,,,,,industrial-types.osm.pbf
node,4292241805,10.555253,76.2266445,slaughterhouse,industrial,,,,,,,,,industrial-types.osm.pbf
node,4420664567,10.7613639,78.6902604,factory,,,,,,,,,,industrial-types.osm.pbf
node,4433633387,10.8031372,78.7122673,factory,,,,,,,,,,industrial-types.osm.pbf
node,4433637489,10.8085633,78.7124738,factory,,,,,,,,,,industrial-types.osm.pbf
node,4442170450,10.7463609,78.8584785,factory,,,,,,,,,,industrial-types.osm.pbf
node,4442170455,10.7391233,78.8564159,factory,,,,,,,,,,industrial-types.osm.pbf
node,4448662464,10.7847921,78.8445936,factory,,,,,,,,,,industrial-types.osm.pbf
node,4526214441,9.53779,76.7591343,mill,,,works,,,,,,,industrial-types.osm.pbf
node,4675421150,10.1636011,76.2084233,scrap_yard,industrial,,,,,,,,,industrial-types.osm.pbf
node,5275111855,11.4192079,75.8311035,sawmill,,,,,,,,,,industrial-types.osm.pbf
node,5275245898,11.7414867,76.1194286,slaughterhouse,industrial,,,,,,,,,industrial-types.osm.pbf
node,5313392619,10.7939768,76.6632971,slaughterhouse,industrial,,,,,,,,Chicken shop,industrial-types.osm.pbf
node,5451568408,17.0585297,82.0917267,grinding_mill,,,,,,,,,,industrial-types.osm.pbf
node,5574993087,11.9348568,79.8238168,scrap_yard,industrial,,,,,,,,,industrial-types.osm.pbf
node,5635123627,11.9472542,79.8294671,scrap_yard,industrial,,,,,,,,,industrial-types.osm.pbf
node,5641838472,25.6795033,89.8539886,mine,quarry,,,,,,,,,industrial-types.osm.pbf
node,5907718304,10.5863168,76.1595775,scrap_yard,industrial,,,,,,,,,industrial-types.osm.pbf
node,5907887067,10.5617951,76.2436733,slaughterhouse,industrial,,,,,,,,,industrial-types.osm.pbf
node,6176696739,13.0288262,77.6312368,warehouse,industrial,,,,,,,,,industrial-types.osm.pbf
node,6341705965,17.0927727,81.6716552,brickyard,,,,,,,,,,industrial-types.osm.pbf
node,6484160402,11.2882542,75.8068335,oil_mill,,,,,,,,,,industrial-types.osm.pbf
node,6801919194,19.1254283,72.9194808,scrap_yard,industrial,,,,,,,,,industrial-types.osm.pbf
node,6804290504,19.1267577,72.9187415,slaughterhouse,industrial,,,,,,,,fast food restaurant,industrial-types.osm.pbf
node,6804290536,19.1272804,72.9192135,slaughterhouse,industrial,,,,,,,,"meat shop- chicken, mutton",industrial-types.osm.pbf
node,7027716898,17.4500355,78.3919617,brickyard,,,,,,,,,,industrial-types.osm.pbf
node,7111459430,10.618697,76.1144217,scrap_yard,industrial,,,,,,,,,industrial-types.osm.pbf
node,7196522932,9.6762238,76.5995356,scrap_yard,industrial,,,,,,,,,industrial-types.osm.pbf
node,7227157705,10.1642606,76.4101367,slaughterhouse,industrial,,,,,,,,,industrial-types.osm.pbf
node,7244134446,17.3295781,78.5801517,slaughterhouse,industrial,,,,,,,,,industrial-types.osm.pbf
node,7244134467,17.3301268,78.5757683,slaughterhouse,industrial,,,,,,,,,industrial-types.osm.pbf
node,7244216948,17.1506845,80.86566,slaughterhouse,industrial,,,,,,,,,industrial-types.osm.pbf
node,7244216957,17.1685923,80.8699833,slaughterhouse,industrial,,,,,,,,,industrial-types.osm.pbf
node,7364436338,8.4640768,76.9494138,slaughterhouse,industrial,,,,,,,,,industrial-types.osm.pbf
node,7365840824,12.5160927,75.0209219,slaughterhouse,industrial,,,,,,,,,industrial-types.osm.pbf
node,7448205367,9.2915188,76.6960581,oil,,,,,,,,,,industrial-types.osm.pbf
node,7460111682,11.765374,75.6491224,slaughterhouse,,,,,,,,,,industrial-types.osm.pbf
node,7460345874,8.6953769,76.8158262,slaughterhouse,industrial,,,,,,,,,industrial-types.osm.pbf
node,7464910709,9.4384279,76.5687917,slaughterhouse,industrial,,,,,,,,,industrial-types.osm.pbf
node,7465317180,10.195046,76.3422931,slaughterhouse,industrial,,,,,,,,,industrial-types.osm.pbf
node,7465325405,10.1884572,76.3446856,slaughterhouse,industrial,,,,,,,,,industrial-types.osm.pbf
node,7466441921,8.7619529,76.7876402,scrap_yard,industrial,,,,,,,,,industrial-types.osm.pbf
node,7466614066,8.5388594,76.9412586,slaughterhouse,industrial,,,,,,,,,industrial-types.osm.pbf
node,7467464924,8.5200984,76.9449309,slaughterhouse,industrial,,,,,,,,,industrial-types.osm.pbf
node,7469440779,8.5147196,76.9533396,slaughterhouse,industrial,,,,,,,,,industrial-types.osm.pbf
node,7470374569,9.7870201,76.440659,scrap_yard,industrial,,,,,,,,,industrial-types.osm.pbf
node,7475667995,9.3295688,76.925358,slaughterhouse,industrial,,,,,,,,,industrial-types.osm.pbf
node,7476286329,12.1826301,75.3183412,slaughterhouse,industrial,,,,,,,,,industrial-types.osm.pbf
node,7486063485,10.0850029,76.347293,scrap_yard,industrial,,,,,,,,,industrial-types.osm.pbf
node,7488451362,8.7890524,76.7401046,slaughterhouse,industrial,,,,,,,,,industrial-types.osm.pbf
node,7489931116,9.0562344,76.5769417,slaughterhouse,industrial,,,,,,,,,industrial-types.osm.pbf
node,7501665450,11.8928032,75.4076767,slaughterhouse,industrial,,,,,,,,,industrial-types.osm.pbf
node,7517472905,8.6229228,76.796827,slaughterhouse,industrial,,,,,,,,,industrial-types.osm.pbf
node,7517791158,8.5773642,76.8554248,scrap_yard,industrial,,,,,,,,,industrial-types.osm.pbf
node,7726246753,10.2471266,76.149365,slaughterhouse,industrial,,,,,,,,,industrial-types.osm.pbf
node,7858439493,10.3629115,77.9939969,slaughterhouse,industrial,,,,,,,,,industrial-types.osm.pbf
node,8110975735,17.3301195,76.820981,warehouse,,,,,,,,,,industrial-types.osm.pbf
node,8279312350,11.0600016,76.3483527,slaughterhouse,industrial,,,,,,,,,industrial-types.osm.pbf
node,8308252556,8.7557514,76.9387801,slaughterhouse,industrial,,,,,,,,,industrial-types.osm.pbf
node,8324814188,10.6724364,76.1914318,slaughterhouse,industrial,,,,,,,,,industrial-types.osm.pbf
node,8327991289,10.6372729,76.130401,slaughterhouse,industrial,,,,,,,,,industrial-types.osm.pbf
node,8329526260,9.9544229,76.327125,slaughterhouse,industrial,,,,,,,,,industrial-types.osm.pbf
node,8410949311,9.7867626,76.4447956,slaughterhouse,industrial,,,,,,,,,industrial-types.osm.pbf
node,8442078444,9.6235217,76.6036357,scrap_yard,industrial,,,,,,,,,industrial-types.osm.pbf
node,8442078445,9.6253404,76.6034655,scrap_yard,industrial,,,,,,,,,industrial-types.osm.pbf
node,8569175395,9.6221072,76.6042617,scrap_yard,,,,,,,,,,industrial-types.osm.pbf
node,8708936388,11.2444745,76.2035414,slaughterhouse,industrial,,,,,,,,,industrial-types.osm.pbf
node,8832674838,9.9466785,76.3942627,slaughterhouse,industrial,,,,,,,,,industrial-types.osm.pbf
node,8848285226,10.3416994,76.2623639,grinding_mill,industrial,,,,,,,,,industrial-types.osm.pbf
node,8865510427,9.2063563,76.5206133,grinding_mill,,,,,,,,,,industrial-types.osm.pbf
node,8869440786,9.367232,76.8505073,grinding_mill,,,works,,flour,,,,,industrial-types.osm.pbf
node,8895402427,8.989248,76.7762701,food_industry,,,works,,food,,,,,industrial-types.osm.pbf
node,8897230302,9.6080695,77.1698341,slaughterhouse,industrial,,,,,,,,,industrial-types.osm.pbf
node,8948395630,9.6111718,76.537024,scrap_yard,industrial,,,,,,,,,industrial-types.osm.pbf
node,9460577182,17.5769716,78.3923266,slaughterhouse,industrial,,,,,,,,,industrial-types.osm.pbf
node,9529456967,10.7569232,75.9295966,slaughterhouse,industrial,,,,,,,,,industrial-types.osm.pbf
node,9627168424,17.3884523,78.5200539,slaughterhouse,industrial,,,,,,,,,industrial-types.osm.pbf
node,9779380714,11.1934636,76.239416,scrap_yard,industrial,,,,,,,,,industrial-types.osm.pbf
node,9830410935,9.9279861,76.7090204,slaughterhouse,industrial,,,,,,,,,industrial-types.osm.pbf
node,10262214502,17.9197381,79.8974687,scrap_yard,industrial,,,,,,,,,industrial-types.osm.pbf
node,10716717343,10.5102568,76.258175,machine_shop,,,works,,furniture,,,,,industrial-types.osm.pbf
node,10960124162,25.4641122,81.8681275,slaughterhouse,industrial,,,,,,,,,industrial-types.osm.pbf
node,11031707797,16.3580052,80.4015425,slaughterhouse,industrial,,,,,,,,,industrial-types.osm.pbf
node,11031709940,16.3576459,80.4016643,slaughterhouse,industrial,,,,,,,,,industrial-types.osm.pbf
node,11031709945,16.3576721,80.4021382,slaughterhouse,industrial,,,,,,,,,industrial-types.osm.pbf
node,11058908888,9.9422615,76.3002494,rice_mill,,,,,,,,,,industrial-types.osm.pbf
node,11106924991,30.1404174,76.2179156,brickyard,,,,,,,,,,industrial-types.osm.pbf
node,11166342045,21.5198623,70.4410661,slaughterhouse,industrial,,,,,,,,,industrial-types.osm.pbf
node,11178091266,12.9586777,77.566693,warehouse,,,,,,,,,,industrial-types.osm.pbf
node,11178142854,12.9586376,77.5660323,warehouse,,,,,,,,,Wires and cables godown,industrial-types.osm.pbf
node,11199503651,11.8121,75.4508675,grinding_mill,,,,,,,,,,industrial-types.osm.pbf
node,11219234233,11.2322799,76.053772,scrap_yard,industrial,,,,,,,,,industrial-types.osm.pbf
node,11242142974,28.5346466,77.1700174,depot,,,,,,,,,,industrial-types.osm.pbf
node,11371291133,11.7912798,77.800421,depot,industrial,,,,,,,,,industrial-types.osm.pbf
node,11383342178,8.3891511,76.9983282,slaughterhouse,industrial,,,,,,,,,industrial-types.osm.pbf
node,11485653809,17.144801,78.9024009,slaughterhouse,industrial,,,,,,,,,industrial-types.osm.pbf
node,11634198266,18.0916599,83.389365,depot,industrial,,,,,,,,,industrial-types.osm.pbf
node,11698529211,25.2809375,82.9862242,scrap_yard,industrial,,,,,,,,,industrial-types.osm.pbf
node,11725273103,10.3679019,76.3001892,scrap_yard,industrial,,,,,,,,,industrial-types.osm.pbf
node,11951455078,27.4837297,95.3935172,depot,industrial,,,,,,,,,industrial-types.osm.pbf
node,11990117928,17.560415,80.6118517,slaughterhouse,industrial,,,,,,,,,industrial-types.osm.pbf
node,12027975908,26.0949396,91.7861321,depot,industrial,,,,,,,,,industrial-types.osm.pbf
node,12102006779,22.2327932,70.7889781,slaughterhouse,industrial,,,,,,,,,industrial-types.osm.pbf
node,12150999931,23.8245637,78.6850051,slaughterhouse,industrial,,,,,,,,,industrial-types.osm.pbf
node,12171240927,28.2057348,77.2120458,warehouse,industrial,,,,,,,,,industrial-types.osm.pbf
node,12189086856,9.6997484,76.3503167,depot,industrial,,,,,,,,,industrial-types.osm.pbf
node,12397227447,18.1175514,83.4210615,scrap_yard,industrial,,,,,,,,,industrial-types.osm.pbf
node,12596289553,19.0908123,78.3456052,depot,industrial,,,,,,,,,industrial-types.osm.pbf
node,12596659610,10.037466,76.3407119,depot,industrial,,,,,,,,,industrial-types.osm.pbf
node,12655151041,10.0614291,76.3639339,depot,industrial,,,,,,,,,industrial-types.osm.pbf
node,12698411271,28.5541847,77.0529077,depot,industrial,,,,,,,,,industrial-types.osm.pbf
node,12898573748,21.9055582,84.0285324,oil,industrial,,,,,,,,,industrial-types.osm.pbf
node,12913861423,13.0034437,77.5114274,depot,industrial,,,,,,,,Warehouse,industrial-types.osm.pbf
node,12993649415,16.5074561,80.6785912,slaughterhouse,industrial,,,,,,,,,industrial-types.osm.pbf
node,12993650736,16.5080457,80.6761871,scrap_yard,industrial,,,,,,,,,industrial-types.osm.pbf
node,13020101933,11.692103,75.7988348,grinding_mill,,,works,,flour;oil,,,,,industrial-types.osm.pbf
node,13144484737,18.7285304,73.8597723,depot,industrial,,,,,,,,,industrial-types.osm.pbf
node,13144484738,18.7293443,73.9904827,depot,industrial,,,,,,,,,industrial-types.osm.pbf
node,13144484739,18.7219171,73.9881636,depot,industrial,,,,,,,,,industrial-types.osm.pbf
node,13146724911,28.7140702,77.1720676,depot,industrial,,,,,,,,,industrial-types.osm.pbf
node,13287684677,9.9171406,78.1046358,depot,industrial,,,,,,,,,industrial-types.osm.pbf
node,13287684679,9.9174329,78.1003469,depot,industrial,,,,,,,,,industrial-types.osm.pbf
node,13358595775,16.9989861,79.9302114,brickyard,industrial,,,,,,,,,industrial-types.osm.pbf
node,13360642160,16.9955838,79.928996,rice_mill,,,,industrial,,,,,,industrial-types.osm.pbf
node,13382602625,24.4200708,85.5323777,slaughterhouse,industrial,,,,,,,,,industrial-types.osm.pbf
node,13570374434,10.5665608,76.2852955,concrete_plant,industrial,,works,,concrete,,,,,industrial-types.osm.pbf
node,13664629507,18.0014596,79.5568398,depot,industrial,,,,,,,,,industrial-types.osm.pbf
node,13684375693,17.6567564,78.6213536,factory,,,,,,,,,,industrial-types.osm.pbf
node,13684375695,17.6557678,78.6175621,Pharmaceutical company,,,,,,,,,,industrial-types.osm.pbf
node,13684375696,17.6563198,78.617605,Pharmaceutical company,,,,,,,,,,industrial-types.osm.pbf
node,13684375697,17.6574188,78.617192,Pharmaceutical Company,,,,,,,,,,industrial-types.osm.pbf
node,13684375698,17.6575466,78.6166663,Pharmaceutical Company,,,,,,,,,,industrial-types.osm.pbf
node,13684375699,17.6574731,78.6140613,Pharmaceutical Company,,,,,,,,,,industrial-types.osm.pbf
node,13684375700,17.6571128,78.6140938,Pharmaceutical Company,,,,,,,,,,industrial-types.osm.pbf
node,13684446601,17.6571903,78.6135531,Pharmaceutical Company,,,,,,,,,,industrial-types.osm.pbf
node,13684446602,17.6596161,78.614923,Pharmaceutical Company,,,,,,,,,,industrial-types.osm.pbf
node,13684446603,17.660635,78.615856,Pharmaceutical Company,,,,,,,,,,industrial-types.osm.pbf
node,13684446604,17.6617907,78.617778,Pharmaceutical Company,,,,,,,,,,industrial-types.osm.pbf
node,13684602097,17.6674299,78.5984454,Biotechnology Company,,,,,,,,,,industrial-types.osm.pbf
node,13684602098,17.6651517,78.6047405,Pharmaceutical Company,,,,,,,,,,industrial-types.osm.pbf
node,13684602099,17.6655254,78.6031434,Research institute,,,,,,,,,,industrial-types.osm.pbf
node,13684639101,17.6641504,78.6062404,Pharmaceutical Company,,,,,,,,,,industrial-types.osm.pbf
node,13684639102,17.6617628,78.6059644,Biotechnology Company,,,,,,,,,,industrial-types.osm.pbf
node,13684639104,17.6618453,78.6030577,Pharmaceutical Company,,,,,,,,,,industrial-types.osm.pbf
node,13684639105,17.6609644,78.6052715,Research Company,,,,,,,,,,industrial-types.osm.pbf
node,13684639106,17.6602422,78.6063437,Pharmaceutical Company,,,,,,,,,,industrial-types.osm.pbf
node,13684639110,17.6612787,78.614574,Agrochemical Company,,,,,,,,,,industrial-types.osm.pbf
node,13684639111,17.6583179,78.6151701,Laboratory,,,,,,,,,,industrial-types.osm.pbf
node,13684639113,17.6559903,78.6187,Research Company,,,,,,,,,,industrial-types.osm.pbf
node,13684639119,17.665532,78.6250119,Pharmaceutical Company,,,,,,,,,,industrial-types.osm.pbf
node,13684639120,17.6673433,78.6263705,Biotechnology Company,,,,,,,,,,industrial-types.osm.pbf
node,13684639122,17.6533848,78.6110986,Pharmaceutical Company,,,,,,,,,,industrial-types.osm.pbf
node,13684639123,17.6513799,78.6112767,Pharmaceutical company,,,,,,,,,,industrial-types.osm.pbf
node,13737409051,18.522432,79.3017229,rice,,,,,,,,,,industrial-types.osm.pbf
node,13737427725,15.1133879,80.0379593,slaughterhouse,industrial,,,,,,,,,industrial-types.osm.pbf
node,13737484092,15.7554576,79.8342235,slaughterhouse,industrial,,,,,,,,,industrial-types.osm.pbf
node,13875824112,28.3610576,77.0764746,grinding_mill,,,,,,,,,,industrial-types.osm.pbf
node,13901121252,17.7375949,83.3224319,scrap_yard,industrial,,,,,,,,,industrial-types.osm.pbf
node,13907348222,10.7955791,76.7790277,concrete_plant,,,,,concrete,,,,,industrial-types.osm.pbf
node,13917970037,19.5807311,75.6312066,slaughterhouse,industrial,,,,,,,,,industrial-types.osm.pbf
node,13926155661,9.5589876,76.7879244,factory,industrial,,,,coconut_oil,,,,,industrial-types.osm.pbf
node,13945134020,9.5572073,76.7896555,depot,industrial,,,,,,,,,industrial-types.osm.pbf
node,13947351282,11.9402903,79.8214665,distributor,,,,,,,,,"Wholesale dealer of Sintex water tanks, Finolex pipes, and fittings.",industrial-types.osm.pbf
node,13987520164,28.6760914,77.2956303,refractory_supplier,,,,,,,,,,industrial-types.osm.pbf
node,14006151986,10.5630224,76.364463,concrete_plant,industrial,,works,,concrete,,,,,industrial-types.osm.pbf
node,14019357824,11.2303559,77.1063091,oil_mill,,,,,,,,,,industrial-types.osm.pbf
node,14068042329,15.5513257,73.7698452,scrap_yard,industrial,,,,,,,,,industrial-types.osm.pbf
node,280183585,11.3796749,76.7454809,,industrial,,works,,,,,,,industrial-works.osm.pbf
node,303055221,11.2991328,76.6796204,,,,works,,,,,,,industrial-works.osm.pbf
node,366770716,12.9985296,80.2048273,,commercial,,works,,,,,,,industrial-works.osm.pbf
node,368480160,11.408415,76.6990348,,,,works,,,,,,,industrial-works.osm.pbf
node,431288185,29.9541629,77.4496894,,,,works,,,,,,,industrial-works.osm.pbf
node,440612250,22.9752916,72.6430213,,,,works,,,,,,,industrial-works.osm.pbf
node,460438619,9.5788134,77.0979758,,,,works,,,,,,,industrial-works.osm.pbf
node,496730218,28.7786707,77.1428523,,,,works,,,,,,,industrial-works.osm.pbf
node,560307775,12.9459345,80.1389696,,,,works,,,,,,,industrial-works.osm.pbf
node,581686339,11.390678,76.8855117,,,,works,,,,,,,industrial-works.osm.pbf
node,597102382,30.3716034,76.4746896,,,,works,,,,,,,industrial-works.osm.pbf
node,597104344,30.6995724,76.7928206,,,,works,,,,,,,industrial-works.osm.pbf
node,778367081,30.739732,75.6872398,,,,works,,,,,,,industrial-works.osm.pbf
node,818438933,31.3794525,75.8255419,,,,works,,,,,,,industrial-works.osm.pbf
node,836369109,13.3087906,76.9460187,,,,works,,,,,,,industrial-works.osm.pbf
node,836369161,13.3085112,76.9457575,,,,works,,,,,,,industrial-works.osm.pbf
node,916542416,30.8648284,75.8654946,,,,works,,,,,,,industrial-works.osm.pbf
node,917866068,30.8702514,75.868472,,,,works,,,,,,,industrial-works.osm.pbf
node,918130248,30.8661711,75.8609915,,,,works,,,,,,,industrial-works.osm.pbf
node,918130250,30.8667056,75.8605343,,,,works,,,,,,,industrial-works.osm.pbf
node,918130295,30.8661154,75.8613538,,,,works,,,,,,,industrial-works.osm.pbf
node,918130321,30.8660066,75.8609962,,,,works,,,,,,,industrial-works.osm.pbf
node,918130324,30.8670816,75.8614438,,,,works,,,,,,,industrial-works.osm.pbf
node,918137567,30.8658053,75.861395,,,,works,,,,,,,industrial-works.osm.pbf
node,918309756,30.8612447,75.8660297,,,,works,,,,,,,industrial-works.osm.pbf
node,918520857,30.86779,75.8624991,,,,works,,,,,,,industrial-works.osm.pbf
node,918520880,30.8678516,75.8625056,,,,works,,,,,,,industrial-works.osm.pbf
node,918521019,30.8676548,75.8624957,,,,works,,,,,,,industrial-works.osm.pbf
node,918521020,30.867272,75.8628543,,,,works,,,,,,,industrial-works.osm.pbf
node,918521049,30.8658628,75.8624743,,,,works,,,,,,,industrial-works.osm.pbf
node,918521091,30.8680394,75.8624767,,,,works,,,,,,,industrial-works.osm.pbf
node,918521111,30.8664709,75.8628097,,,,works,,,,,,,industrial-works.osm.pbf
node,919346282,30.8693565,75.8645714,,,,works,,,,,,,industrial-works.osm.pbf
node,919347333,30.8688986,75.8645644,,,,works,,,,,,,industrial-works.osm.pbf
node,919393140,30.8719316,75.8613636,,,,works,,,,,,,industrial-works.osm.pbf
node,919601744,30.8660587,75.8667381,,,,works,,,,,,,industrial-works.osm.pbf
node,919601756,30.8664462,75.866777,,,,works,,,,,,,industrial-works.osm.pbf
node,919601760,30.8690976,75.8668644,,,,works,,,,,,,industrial-works.osm.pbf
node,919601782,30.8667536,75.8668042,,,,works,,,,,,,industrial-works.osm.pbf
node,919601792,30.8657694,75.8654348,,,,works,,,,,,,industrial-works.osm.pbf
node,919601811,30.8669412,75.8669356,,,,works,,,,,,,industrial-works.osm.pbf
node,919601817,30.8673496,75.8640787,,,,works,,,,,,,industrial-works.osm.pbf
node,919601819,30.8661155,75.8636119,,,,works,,,,,,,industrial-works.osm.pbf
node,919601820,30.8658937,75.8635639,,,,works,,,,,,,industrial-works.osm.pbf
node,919601827,30.8667128,75.864979,,,,works,,,,,,,industrial-works.osm.pbf
node,919605066,30.8701513,75.8592698,,,,works,,,,,,,industrial-works.osm.pbf
node,919687893,30.8697182,75.8593413,,,,works,,,,,,,industrial-works.osm.pbf
node,919687896,30.8684259,75.8592804,,,,works,,,,,,,industrial-works.osm.pbf
node,919687923,30.8674098,75.8592662,,,,works,,,,,,,industrial-works.osm.pbf
node,928527387,30.7086666,75.9442975,,,,works,,,,,,,industrial-works.osm.pbf
node,939131964,30.8627007,75.9203043,,,,works,,,,,,,industrial-works.osm.pbf
node,939131972,30.8620281,75.9193136,,,,works,,,,,,,industrial-works.osm.pbf
node,939131998,30.8617542,75.9213062,,,,works,,,,,,,industrial-works.osm.pbf
node,949885001,30.8651037,75.8713275,,,,works,,,,,,,industrial-works.osm.pbf
node,976413365,30.8612244,75.9206512,,,,works,,,,,,,industrial-works.osm.pbf
node,976455811,30.8620187,75.9181578,,,,works,,,,,,,industrial-works.osm.pbf
node,1008530963,30.9294894,77.1142253,,,,works,,,,,,,industrial-works.osm.pbf
node,1053605057,13.0496137,80.2434261,,,,works,,,,,,,industrial-works.osm.pbf
node,1147742588,10.3338044,77.0163106,,,,works,,,,,,,industrial-works.osm.pbf
node,1147743132,10.2657995,76.9207653,,,,works,,tea,,,,,industrial-works.osm.pbf
node,1154865487,10.2815502,76.9615241,,,,works,,,,,,,industrial-works.osm.pbf
node,1185579351,19.128396,72.89372,,,,works,,,,,,,industrial-works.osm.pbf
node,1204022632,21.1741903,75.8370168,,,,works,,,,,,,industrial-works.osm.pbf
node,1209790750,12.7841937,79.6389405,,,,works,,,,,,,industrial-works.osm.pbf
node,1248181602,30.4269014,74.0463067,,,,works,,,,,,,industrial-works.osm.pbf
node,1248415458,30.4069395,74.027462,,,,works,,,,,,,industrial-works.osm.pbf
node,1335878279,30.9261312,74.6124908,,,,works,,,,,,,industrial-works.osm.pbf
node,1336000164,30.9503731,74.6104792,,,,works,,,,,,,industrial-works.osm.pbf
node,1344435665,30.923183,74.6212996,,,,works,,,,,,,industrial-works.osm.pbf
node,1350382386,12.5560083,77.7361627,,,,works,,,,,,,industrial-works.osm.pbf
node,1360144586,19.16266,72.8514684,,,,works,,,,,,,industrial-works.osm.pbf
node,1412318543,19.120109,73.0247273,,,,works,,,,,,,industrial-works.osm.pbf
node,1440947503,11.4622825,77.4675732,,,,works,,coir,,,,,industrial-works.osm.pbf
node,1604518639,10.8662802,72.194051,,,,works,yes,,,,,,industrial-works.osm.pbf
node,1743108333,30.8748863,75.85941,,,,works,,,,,,,industrial-works.osm.pbf
node,1743115559,30.8861494,75.8581383,,,,works,,,,,,,industrial-works.osm.pbf
node,1830611262,30.7117482,76.6929751,,,,works,,,,,,,industrial-works.osm.pbf
node,1830612202,30.7141211,76.6897966,,,,works,yes,,,,,,industrial-works.osm.pbf
node,1830613521,30.7137636,76.6895554,,,,works,office,,,,,,industrial-works.osm.pbf
node,2057437693,9.1853103,78.0203717,,,,works,,,,,,,industrial-works.osm.pbf
node,2057494792,9.1883027,78.0192867,,commercial,,works,,,,,,,industrial-works.osm.pbf
node,2088774179,31.738017,76.609965,,,,works,,,,,,,industrial-works.osm.pbf
node,2279178859,18.5643551,73.9161886,,,,works,,,,,,,industrial-works.osm.pbf
node,2501346926,23.2755546,72.3447941,,,,works,,,,,,,industrial-works.osm.pbf
node,2501353193,23.3002767,72.3121791,,,,works,,,,,,,industrial-works.osm.pbf
node,2528821545,10.2589592,76.3244448,,,,works,,,,,,,industrial-works.osm.pbf
node,2588686471,23.3123738,72.3425588,,,,works,,,,,,,industrial-works.osm.pbf
node,2588686476,23.3090238,72.3400268,,,,works,,,,,,,industrial-works.osm.pbf
node,2588689353,23.3130241,72.3384175,,,,works,,,,,,,industrial-works.osm.pbf
node,2686107823,18.7324258,73.1304652,,,,works,,,,,,,industrial-works.osm.pbf
node,2712426098,19.6717308,78.5353833,,,,works,,,,,,,industrial-works.osm.pbf
node,2712436811,19.6731149,78.5439023,,,,works,,,,,,,industrial-works.osm.pbf
node,2719606381,11.1779581,75.827271,,,,works,,,,,,,industrial-works.osm.pbf
node,2721605429,11.0427547,75.8681488,,,,works,,,,,,,industrial-works.osm.pbf
node,2933888276,16.6940409,76.8483041,,,,works,,,,,,,industrial-works.osm.pbf
node,3028236953,11.5349755,75.8799431,,,,works,,,,,,,industrial-works.osm.pbf
node,3068059850,12.9990581,74.8230882,,,,works,,,,,,,industrial-works.osm.pbf
node,3068059853,13.0006244,74.8233265,,,,works,,,,,,,industrial-works.osm.pbf
node,3092649927,27.2085922,78.0433102,,,,works,,,,,,,industrial-works.osm.pbf
node,3092751625,27.2064921,78.0422154,,,,works,,,,,,,industrial-works.osm.pbf
node,3286245535,9.7149821,76.5607168,,,,works,,,,,,,industrial-works.osm.pbf
node,3286245541,9.7154857,76.5602965,,,,works,,,,,,,industrial-works.osm.pbf
node,3329652244,30.4202512,74.5216376,,,,works,,,,,,,industrial-works.osm.pbf
node,3349828084,13.0079535,76.1242254,,,,works,,,,,,,industrial-works.osm.pbf
node,3431050306,30.4547321,76.56603,,,,works,,,,,,,industrial-works.osm.pbf
node,3431050325,30.5038179,76.6245051,,,,works,,,,,,,industrial-works.osm.pbf
node,3431050334,30.5076902,76.6358197,,,,works,,,,,,,industrial-works.osm.pbf
node,3499708905,22.7728738,86.2090315,,,,works,,,,,,,industrial-works.osm.pbf
node,3499793357,22.7695869,86.2227698,,,,works,,,,,,,industrial-works.osm.pbf
node,3523097062,18.4510798,74.3947244,,,,works,,,,,,,industrial-works.osm.pbf
node,3535433147,19.1021833,77.966213,,,,works,,,,,,,industrial-works.osm.pbf
node,3535442505,19.1031278,77.9709471,,,,works,,,,,,,industrial-works.osm.pbf
node,3535514834,19.1011456,77.9818355,,,,works,,,,,,,industrial-works.osm.pbf
node,3685917263,18.4440829,73.8210851,,industrial,,works,,,,,,,industrial-works.osm.pbf
node,3690979710,10.1807491,76.2250204,,,,works,,,,,,,industrial-works.osm.pbf
node,3730202056,10.7950584,78.7592487,,,,works,,,,,,,industrial-works.osm.pbf
node,3730202066,10.7946086,78.7601851,,,,works,,,,,,,industrial-works.osm.pbf
node,3908959018,9.8291066,76.4700943,,,,works,,,,,,,industrial-works.osm.pbf
node,3959977363,12.2866835,76.6435795,,,,works,,,,,,,industrial-works.osm.pbf
node,3972678475,28.691576,76.954694,,,,works,,,,,,,industrial-works.osm.pbf
node,4023814679,12.9358822,79.1578399,,,,works,,,,,,,industrial-works.osm.pbf
node,4030194837,21.3944376,76.2634234,,,,works,,,,,,,industrial-works.osm.pbf
node,4047377669,11.8274939,75.6118485,,,,works,,,,,,,industrial-works.osm.pbf
node,4047377670,11.8284833,75.6185581,,,,works,,,,,,,industrial-works.osm.pbf
node,4047377672,11.825565,75.6098432,,,,works,,,,,,,industrial-works.osm.pbf
node,4047377680,11.8280566,75.6145791,,,,works,,,,,,,industrial-works.osm.pbf
node,4286285301,12.9769937,77.6319211,,,,works,,,,,,engineering works,industrial-works.osm.pbf
node,4286285466,12.976973,77.6319764,,,,works,,,,,,welding works,industrial-works.osm.pbf
node,4286285467,12.9769476,77.6319057,,,,works,,,,,,wood works,industrial-works.osm.pbf
node,4292019194,22.239654,70.6776741,,,,works,,,,,,,industrial-works.osm.pbf
node,4292039798,23.3334122,72.4231484,,,,works,,,,,,,industrial-works.osm.pbf
node,4292039799,23.3230718,72.4307633,,,,works,,,,,,,industrial-works.osm.pbf
node,4292039998,23.3468203,72.4179641,,,,works,,,,,,,industrial-works.osm.pbf
node,4292039999,23.3435164,72.4232907,,,,works,,,,,,,industrial-works.osm.pbf
node,4292040000,23.3260794,72.4275985,,,,works,,,,,,,industrial-works.osm.pbf
node,4292072293,23.3720924,72.4080644,,,,works,,,,,,,industrial-works.osm.pbf
node,4292073789,22.2633966,70.8300616,,,,works,,sheets,,,,,industrial-works.osm.pbf
node,4292816184,10.3409349,76.2527532,,,,works,,,,,,,industrial-works.osm.pbf
node,4293223692,23.3252465,72.4278619,,,,works,,,,,,,industrial-works.osm.pbf
node,4293275110,23.3723848,72.4078808,,,,works,,,,,,,industrial-works.osm.pbf
node,4293342732,23.3283188,72.4265535,,,,works,,,,,,,industrial-works.osm.pbf
node,4293358690,23.3984125,72.4010069,,,,works,,,,,,,industrial-works.osm.pbf
node,4293363889,23.3979316,72.3980399,,,,works,,,,,,,industrial-works.osm.pbf
node,4296617435,23.3355747,72.4228049,,,,works,,,,,,,industrial-works.osm.pbf
node,4296617649,23.3385896,72.4230761,,,,works,,,,,,,industrial-works.osm.pbf
node,4296617650,23.3434584,72.4193569,,,,works,,,,,,,industrial-works.osm.pbf
node,4296617651,23.4962764,72.4009139,,,,works,,,,,,,industrial-works.osm.pbf
node,4296617693,23.3243077,72.4282045,,,,works,,,,,,,industrial-works.osm.pbf
node,4296617910,23.4155751,72.3944754,,,,works,,,,,,,industrial-works.osm.pbf
node,4296618072,23.4200809,72.394124,,,,works,,,,,,,industrial-works.osm.pbf
node,4296621397,23.5080736,72.4008809,,,,works,,,,,,,industrial-works.osm.pbf
node,4296651690,23.3362572,72.4242001,,,,works,,,,,,,industrial-works.osm.pbf
node,4297338292,23.3253919,72.4311884,,,,works,,,,,,,industrial-works.osm.pbf
node,4297344092,23.3365643,72.4226136,,,,works,,,,,,,industrial-works.osm.pbf
node,4297344093,23.3072332,72.4370372,,,,works,,,,,,,industrial-works.osm.pbf
node,4297344590,23.3054853,72.437335,,,,works,,,,,,,industrial-works.osm.pbf
node,4298575794,23.3578617,72.4145321,,,,works,,,,,,,industrial-works.osm.pbf
node,4298587690,23.3532843,72.4156119,,,,works,,,,,,,industrial-works.osm.pbf
node,4298667492,23.4265615,72.393977,,,,works,,,,,,,industrial-works.osm.pbf
node,4298723194,23.4532918,72.393922,,,,works,,,,,,,industrial-works.osm.pbf
node,4298723692,23.4481805,72.3928777,,,,works,,,,,,,industrial-works.osm.pbf
node,4299360091,23.3604436,72.4123938,,,,works,,,,,,,industrial-works.osm.pbf
node,4299360092,23.3345945,72.424627,,,,works,,,,,,,industrial-works.osm.pbf
node,4299360093,23.3266769,72.4282132,,,,works,,,,,,,industrial-works.osm.pbf
node,4299366091,23.4306444,72.3947741,,,,works,,,,,,,industrial-works.osm.pbf
node,4299366489,23.3570341,72.4147329,,,,works,,,,,,,industrial-works.osm.pbf
node,4299626820,22.2640545,70.8254852,,,,works,,,,,,,industrial-works.osm.pbf
node,4300699893,23.321165,72.4315454,,,,works,,,,,,,industrial-works.osm.pbf
node,4302900210,11.6581019,78.196466,,,,works,,,,,,,industrial-works.osm.pbf
node,4304261189,13.0322675,77.5247521,,,,works,,,,,,,industrial-works.osm.pbf
node,4307699589,23.6158298,72.400574,,,,works,,,,,,,industrial-works.osm.pbf
node,4309189391,23.5129813,72.3971851,,,,works,,,,,,,industrial-works.osm.pbf
node,4309442113,10.6113218,76.1636277,,,,works,,,,,,,industrial-works.osm.pbf
node,4314219590,23.2400692,72.5072229,,,,works,,,,,,,industrial-works.osm.pbf
node,4314258189,23.2915911,72.4514449,,,,works,,,,,,,industrial-works.osm.pbf
node,4314545490,11.7646525,75.5110947,,,,works,,,,,,,industrial-works.osm.pbf
node,4316567759,10.6114814,76.1646833,,,,works,,,,,,,industrial-works.osm.pbf
node,4316885840,10.6522976,76.1652735,,,,works,,,,,,,industrial-works.osm.pbf
node,4317111345,10.6235983,76.1673377,,,,works,,,,,,,industrial-works.osm.pbf
node,4319379290,22.2807943,73.2156593,,,,works,,,,,,,industrial-works.osm.pbf
node,4319650213,10.6391376,76.1521952,,,,works,,,,,,,industrial-works.osm.pbf
node,4326493898,22.2813201,73.2185744,,,,works,,,,,,,industrial-works.osm.pbf
node,4326496896,22.2809549,73.2195126,,,,works,,,,,,,industrial-works.osm.pbf
node,4326515589,22.2807171,73.219524,,,,works,,,,,,,industrial-works.osm.pbf
node,4330452189,23.5725878,72.3357707,,,,works,,,,,,,industrial-works.osm.pbf
node,4342179391,23.280796,72.4439465,,,,works,,,,,,,industrial-works.osm.pbf
node,4356767290,30.8904826,75.862385,,,,works,,,,,,,industrial-works.osm.pbf
node,4358546492,22.9714764,72.6276809,,,,works,,,,,,,industrial-works.osm.pbf
node,4358562089,22.9736233,72.6346176,,,,works,,,,,,,industrial-works.osm.pbf
node,4358562489,23.0383167,72.569304,,,,works,,,,,,,industrial-works.osm.pbf
node,4359539269,13.1122094,80.1469873,,,,works,,,,,,,industrial-works.osm.pbf
node,4376876224,17.0740891,74.2953312,,,,works,,,,,,,industrial-works.osm.pbf
node,4376878094,19.9010828,79.3329328,,,,works,,,,,,,industrial-works.osm.pbf
node,4376879101,19.9305826,79.1196305,,,,works,,,,,,,industrial-works.osm.pbf
node,4380156499,23.237245,72.5092134,,,,works,,,,,,,industrial-works.osm.pbf
node,4380157393,23.2364273,72.5103384,,,,works,,,,,,,industrial-works.osm.pbf
node,4380537982,23.1803117,72.5753396,,,,works,,food,,,,,industrial-works.osm.pbf
node,4381055589,12.9604402,80.2519006,,,,works,,,,,,,industrial-works.osm.pbf
node,4389290275,23.2937582,72.449609,,,,works,,,,,,,industrial-works.osm.pbf
node,4389308513,23.2935132,72.4496432,,,,works,,,,,,,industrial-works.osm.pbf
node,4398393089,23.2966833,72.4476017,,,,works,,,,,,,industrial-works.osm.pbf
node,4398393190,23.0341362,72.68375,,,,works,,,,,,,industrial-works.osm.pbf
node,4398393289,22.9740317,72.6324483,,,,works,,,,,,,industrial-works.osm.pbf
node,4398393389,22.906436,72.436793,,,,works,,,,,,,industrial-works.osm.pbf
node,4398393489,23.0316617,72.6846117,,,,works,,,,,,,industrial-works.osm.pbf
node,4398393689,22.9582414,72.630978,,,,works,,,,,,,industrial-works.osm.pbf
node,4398393889,22.9038717,72.4374833,,,,works,,,,,,,industrial-works.osm.pbf
node,4412737895,23.0410865,72.6874313,,,,works,,,,,,,industrial-works.osm.pbf
node,4422044190,23.015763,72.6350806,,,,works,,,,,,,industrial-works.osm.pbf
node,4422045591,22.9714099,72.635344,,,,works,,,,,,,industrial-works.osm.pbf
node,4422109529,22.9636008,72.5885693,,,,works,,,,,,,industrial-works.osm.pbf
node,4422110091,22.96319,72.5888004,,,,works,,,,,,,industrial-works.osm.pbf
node,4424516795,22.2337812,70.7953735,,,,works,,,,,,,industrial-works.osm.pbf
node,4424695486,22.231552,70.800201,,,,works,,,,,,,industrial-works.osm.pbf
node,4426897190,26.8762495,73.5611839,,,,works,,,,,,,industrial-works.osm.pbf
node,4428702197,12.8002462,78.7234605,,,,works,,,,,,,industrial-works.osm.pbf
node,4432561946,20.6341276,79.8624806,,,,works,,rice,,,,,industrial-works.osm.pbf
node,4435494991,22.3274087,73.1476916,,,,works,,,,,,,industrial-works.osm.pbf
node,4435494992,22.4146427,73.1655975,,,,works,,,,,,,industrial-works.osm.pbf
node,4435502289,22.532583,72.921521,,,,works,,,,,,,industrial-works.osm.pbf
node,4435502489,22.282307,73.217893,,,,works,,,,,,,industrial-works.osm.pbf
node,4435537818,22.4445919,73.1871982,,,,works,,,,,,,industrial-works.osm.pbf
node,4455197499,22.2841545,70.7750433,,,,works,,,,,,,industrial-works.osm.pbf
node,4455958189,22.2337718,70.7954321,,,,works,,,,,,,industrial-works.osm.pbf
node,4456591389,22.2344587,70.7936373,,,,works,,,,,,,industrial-works.osm.pbf
node,4483635589,22.9661748,72.557483,,,,works,,,,,,,industrial-works.osm.pbf
node,4487344997,17.4390808,78.5593987,,,,works,,,,,,,industrial-works.osm.pbf
node,4487370607,17.4392318,78.5597621,,,,works,,,,,,,industrial-works.osm.pbf
node,4487397820,17.4382387,78.5611704,,,,works,,,,,,,industrial-works.osm.pbf
node,4487397821,17.4375478,78.5615245,,,,works,,,,,,,industrial-works.osm.pbf
node,4487397822,17.4439014,78.5627069,,,,works,,,,,,,industrial-works.osm.pbf
node,4487499201,17.443975,78.5646533,,,,works,,,,,,,industrial-works.osm.pbf
node,4487499202,17.443714,78.5648907,,,,works,,,,,,,industrial-works.osm.pbf
node,4487518438,17.4440044,78.5652032,,,,works,,,,,,,industrial-works.osm.pbf
node,4487518439,17.4442347,78.5650476,,,,works,,,,,,,industrial-works.osm.pbf
node,4487518440,17.4441912,78.5652286,,,,works,,,,,,,industrial-works.osm.pbf
node,4487518441,17.444149,78.56477,,,,works,,,,,,,industrial-works.osm.pbf
node,4487525761,17.444277,78.5648893,,,,works,,,,,,,industrial-works.osm.pbf
node,4487546590,17.4539392,78.5799863,,,,works,,,,,,,industrial-works.osm.pbf
node,4487548771,17.43808,78.5591266,,,,works,,,,,,,industrial-works.osm.pbf
node,4487548772,17.4376425,78.559309,,,,works,,,,,,,industrial-works.osm.pbf
node,4487548773,17.4563679,78.5790404,,,,works,,,,,,,industrial-works.osm.pbf
node,4487599015,17.4614642,78.5842558,,,,works,,,,,,,industrial-works.osm.pbf
node,4487599016,17.460886,78.5842611,,,,works,,,,,,,industrial-works.osm.pbf
node,4487599017,17.4619734,78.5842236,,,,works,,,,,,,industrial-works.osm.pbf
node,4487599018,17.4624723,78.5842772,,,,works,,,,,,,industrial-works.osm.pbf
node,4487599019,17.4605994,78.5847922,,,,works,,,,,,,industrial-works.osm.pbf
node,4487599020,17.461401,78.5847546,,,,works,,,,,,,industrial-works.osm.pbf
node,4487599021,17.4606245,78.5851153,,,,works,,,,,,,industrial-works.osm.pbf
node,4487599022,17.4613409,78.5852763,,,,works,,,,,,,industrial-works.osm.pbf
node,4487599023,17.4612565,78.585928,,,,works,,,,,,,industrial-works.osm.pbf
node,4487604630,17.4576982,78.5883682,,,,works,,,,,,,industrial-works.osm.pbf
node,4487619865,17.4580164,78.5860166,,,,works,,,,,,,industrial-works.osm.pbf
node,4487619866,17.4561691,78.5860058,,,,works,,,,,,,industrial-works.osm.pbf
node,4487661900,13.0418729,77.5304892,,,,works,,,,,,,industrial-works.osm.pbf
node,4487661901,13.0391525,77.5310256,,,,works,,,,,,,industrial-works.osm.pbf
node,4487661902,13.038839,77.5308674,,,,works,,,,,,,industrial-works.osm.pbf
node,4487673990,13.0350297,77.5263734,,,,works,,,,,,,industrial-works.osm.pbf
node,4487673991,13.0351787,77.5263211,,,,works,,,,,,,industrial-works.osm.pbf
node,4487673992,13.0350767,77.5262714,,,,works,,,,,,,industrial-works.osm.pbf
node,4487711589,13.0349657,77.5265557,,,,works,,,,,,,industrial-works.osm.pbf
node,4487711591,13.0348442,77.5266013,,,,works,,,,,,,industrial-works.osm.pbf
node,4487711592,13.0347893,77.5265625,,,,works,,,,,,,industrial-works.osm.pbf
node,4487711593,13.0347475,77.5265517,,,,works,,,,,,,industrial-works.osm.pbf
node,4487711594,13.0346822,77.526541,,,,works,,,,,,,industrial-works.osm.pbf
node,4487711595,13.0346025,77.5266389,,,,works,,,,,,,industrial-works.osm.pbf
node,4487711596,13.0344875,77.5267448,,,,works,,,,,,,industrial-works.osm.pbf
node,4487711597,13.0346639,77.5266778,,,,works,,,,,,,industrial-works.osm.pbf
node,4487711598,13.0346639,77.5267127,,,,works,,,,,,,industrial-works.osm.pbf
node,4487711599,13.0346626,77.5267529,,,,works,,,,,,,industrial-works.osm.pbf
node,4487711600,13.034643,77.5268427,,,,works,,,,,,,industrial-works.osm.pbf
node,4487884173,16.0925898,80.1624001,,,,works,,,,,,,industrial-works.osm.pbf
node,4487884458,16.310151,80.4298988,,,,works,,,,,,,industrial-works.osm.pbf
node,4487887124,16.3070828,80.3091707,,,,works,,,,,,,industrial-works.osm.pbf
node,4487887621,16.3277443,80.3462502,,,,works,,,,,,,industrial-works.osm.pbf
node,4487890827,16.3112889,80.4270274,,,,works,,,,,,,industrial-works.osm.pbf
node,4487892492,14.4908496,78.8062948,,,,works,,,,,,,industrial-works.osm.pbf
node,4487898404,15.9056012,80.4695286,,,,works,,,,,,,industrial-works.osm.pbf
node,4487900975,16.2927412,80.4339968,,,,works,,,,,,,industrial-works.osm.pbf
node,4487901533,16.2966673,80.4514921,,,,works,,,,,,,industrial-works.osm.pbf
node,4487905089,16.2423056,80.4953967,,,,works,,,,,,,industrial-works.osm.pbf
node,4487905189,13.0026185,77.5682723,,,,works,,,,,,,industrial-works.osm.pbf
node,4487906240,16.2565632,80.3361697,,,,works,,,,,,,industrial-works.osm.pbf
node,4487907181,16.3209357,80.4338855,,,,works,,,,,,,industrial-works.osm.pbf
node,4487908351,16.1573681,80.2432835,,,,works,,,,,,,industrial-works.osm.pbf
node,4487909693,16.3054051,80.4217239,,,,works,,,,,,,industrial-works.osm.pbf
node,4487915091,22.9581564,72.5579239,,,,works,,,,,,,industrial-works.osm.pbf
node,4487918996,16.2838934,80.4368995,,,,works,,,,,,,industrial-works.osm.pbf
node,4487920857,16.2929688,80.4389942,,,,works,,,,,,,industrial-works.osm.pbf
node,4487927966,16.3022584,80.4388313,,,,works,,,,,,,industrial-works.osm.pbf
node,4487928984,16.2924455,80.4471256,,,,works,,,,,,,industrial-works.osm.pbf
node,4487931332,16.1807611,80.2396845,,,,works,,,,,,,industrial-works.osm.pbf
node,4487933305,16.2904585,80.416095,,,,works,,,,,,,industrial-works.osm.pbf
node,4487934285,16.2916505,80.4290947,,,,works,,,,,,,industrial-works.osm.pbf
node,4487939058,16.3960607,80.149784,,,,works,,,,,,,industrial-works.osm.pbf
node,4487940720,16.1409776,80.197794,,,,works,,,,,,,industrial-works.osm.pbf
node,4487943221,16.2184187,80.2929612,,,,works,,,,,,,industrial-works.osm.pbf
node,4487948392,16.2235601,80.5245657,,,,works,,,,,,,industrial-works.osm.pbf
node,4487956911,16.5142218,80.6121143,,,,works,,,,,,,industrial-works.osm.pbf
node,4487958595,16.3062391,80.4431252,,,,works,,,,,,,industrial-works.osm.pbf
node,4487960439,16.3029104,80.4276367,,,,works,,,,,,,industrial-works.osm.pbf
node,4487962084,16.3041371,80.4340863,,,,works,,,,,,,industrial-works.osm.pbf
node,4487963520,16.3042336,80.4340913,,,,works,,,,,,,industrial-works.osm.pbf
node,4487964431,16.3113569,80.4184291,,,,works,,,,,,,industrial-works.osm.pbf
node,4487965971,16.3056648,80.4405667,,,,works,,,,,,,industrial-works.osm.pbf
node,4487973689,16.3075446,80.4360899,,,,works,,,,,,,industrial-works.osm.pbf
node,4488835644,16.3153256,80.3462855,,,,works,,,,,,,industrial-works.osm.pbf
node,4488841414,16.3193394,80.4171224,,,,works,,,,,,,industrial-works.osm.pbf
node,4489054708,16.2861755,80.4450445,,,,works,,,,,,,industrial-works.osm.pbf
node,4489068350,16.2904287,80.4470662,,,,works,,,,,,,industrial-works.osm.pbf
node,4489074387,16.4347966,80.4098623,,,,works,,,,,,,industrial-works.osm.pbf
node,4489091467,16.1956124,80.5222024,,,,works,,,,,,,industrial-works.osm.pbf
node,4489093334,16.2991271,80.4364917,,,,works,,,,,,,industrial-works.osm.pbf
node,4489101151,16.3021028,80.436226,,,,works,,,,,,,industrial-works.osm.pbf
node,4489106589,16.3083207,80.4340522,,,,works,,,,,,,industrial-works.osm.pbf
node,4489110249,16.3025842,80.4345916,,,,works,,,,,,,industrial-works.osm.pbf
node,4489125380,16.2874322,80.4124142,,,,works,,,,,,,industrial-works.osm.pbf
node,4489137616,16.2919514,80.4476285,,,,works,,,,,,,industrial-works.osm.pbf
node,4489141025,16.304295,80.4294874,,,,works,,,,,,,industrial-works.osm.pbf
node,4489161263,16.3019741,80.4375494,,,,works,,,,,,,industrial-works.osm.pbf
node,4489168002,16.4593612,80.5735476,,,,works,,,,,,,industrial-works.osm.pbf
node,4489172289,16.3164985,80.4825139,,,,works,,,,,,,industrial-works.osm.pbf
node,4489174217,16.3033862,80.4381235,,,,works,,,,,,,industrial-works.osm.pbf
node,4489594713,10.0470445,76.312277,,,,works,,,,,,,industrial-works.osm.pbf
node,4489596715,9.6494263,76.739165,,,,works,,Rubber,,,,,industrial-works.osm.pbf
node,4489603890,9.1760715,76.4725646,,,,works,,,,,,,industrial-works.osm.pbf
node,4489614354,10.0248357,76.3162321,,,,works,,,,,,,industrial-works.osm.pbf
node,4490110675,10.3104591,76.332023,,,,works,,,,,,,industrial-works.osm.pbf
node,4490110730,13.0314093,77.5273396,,,,works,,,,,,,industrial-works.osm.pbf
node,4490110731,13.0313471,77.5273065,,,,works,,,,,,,industrial-works.osm.pbf
node,4490110732,13.0339471,77.5274079,,,,works,,,,,,,industrial-works.osm.pbf
node,4490110733,13.0340594,77.5272698,,,,works,,,,,,,industrial-works.osm.pbf
node,4490110734,13.0338948,77.5272336,,,,works,,,,,,,industrial-works.osm.pbf
node,4490110735,13.0338973,77.5270923,,,,works,,,,,,,industrial-works.osm.pbf
node,4490118184,13.0338944,77.5269378,,,,works,,,,,,,industrial-works.osm.pbf
node,4490118185,13.0340221,77.5268859,,,,works,,,,,,,industrial-works.osm.pbf
node,4490118186,13.0339488,77.5268758,,,,works,,,,,,,industrial-works.osm.pbf
node,4490118187,13.0338805,77.5268544,,,,works,,,,,,,industrial-works.osm.pbf
node,4490118188,13.033834,77.5268565,,,,works,,,,,,,industrial-works.osm.pbf
node,4490128717,13.0337835,77.5268534,,,,works,,,,,,,industrial-works.osm.pbf
node,4490128718,13.0338003,77.5269317,,,,works,,,,,,,industrial-works.osm.pbf
node,4490128720,13.0338181,77.5270933,,,,works,,,,,,,industrial-works.osm.pbf
node,4490128721,13.0337152,77.5269815,,,,works,,,,,,,industrial-works.osm.pbf
node,4490128722,13.0337538,77.5270902,,,,works,,,,,,,industrial-works.osm.pbf
node,4490128723,13.0337528,77.5271421,,,,works,,,,,,,industrial-works.osm.pbf
node,4490148575,13.0338139,77.5271678,,,,works,,,,,,,industrial-works.osm.pbf
node,4490148576,13.0338139,77.5272268,,,,works,,,,,,,industrial-works.osm.pbf
node,4490148577,13.0337002,77.527204,,,,works,,,,,,,industrial-works.osm.pbf
node,4490148578,13.0337381,77.5272845,,,,works,,,,,,,industrial-works.osm.pbf
node,4490148579,13.0338073,77.527322,,,,works,,,,,,,industrial-works.osm.pbf
node,4490148580,13.0337773,77.527428,,,,works,,,,,,,industrial-works.osm.pbf
node,4490148581,13.0336923,77.5274119,,,,works,,,,,,,industrial-works.osm.pbf
node,4490148582,13.033725,77.5273435,,,,works,,,,,,,industrial-works.osm.pbf
node,4490148583,13.0336166,77.5271115,,,,works,,,,,,,industrial-works.osm.pbf
node,4490148584,13.0336257,77.5271638,,,,works,,,,,,,industrial-works.osm.pbf
node,4490148585,13.0336336,77.5272898,,,,works,,,,,,,industrial-works.osm.pbf
node,4490151297,8.5450546,76.8916518,,,,works,,,,,,,industrial-works.osm.pbf
node,4490193896,13.0333098,77.5274628,,,,works,,,,,,,industrial-works.osm.pbf
node,4490193897,13.0336068,77.5273296,,,,works,,,,,,,industrial-works.osm.pbf
node,4490193898,13.0334623,77.527227,,,,works,,,,,,,industrial-works.osm.pbf
node,4490193899,13.0332464,77.5271345,,,,works,,,,,,,industrial-works.osm.pbf
node,4490193900,13.0332276,77.5268682,,,,works,,,,,,,industrial-works.osm.pbf
node,4490196522,8.8892501,76.5927044,,,,works,,,,,,,industrial-works.osm.pbf
node,4490212221,8.8780103,76.5976876,,,,works,,,,,,,industrial-works.osm.pbf
node,4490216802,13.034453,77.5275402,,,,works,,,,,,,industrial-works.osm.pbf
node,4490216803,13.034477,77.5276373,,,,works,,,,,,,industrial-works.osm.pbf
node,4490216804,13.0345011,77.5277667,,,,works,,,,,,,industrial-works.osm.pbf
node,4490216805,13.0345536,77.5279408,,,,works,,,,,,,industrial-works.osm.pbf
node,4490216806,13.0345926,77.5280455,,,,works,,,,,,,industrial-works.osm.pbf
node,4490216807,13.0346181,77.5281688,,,,works,,,,,,,industrial-works.osm.pbf
node,4490216808,13.034336,77.5276666,,,,works,,,,,,,industrial-works.osm.pbf
node,4490216809,13.0343825,77.5278714,,,,works,,,,,,,industrial-works.osm.pbf
node,4490216810,13.0344155,77.5280702,,,,works,,,,,,,industrial-works.osm.pbf
node,4490223866,17.4253603,78.5481696,,,,works,,,,,,,industrial-works.osm.pbf
node,4490223867,17.4248574,78.5484258,,,,works,,,,,,,industrial-works.osm.pbf
node,4490263300,17.4244694,78.5479514,,,,works,,,,,,,industrial-works.osm.pbf
node,4503471590,12.8038371,80.1908713,,,,works,,,,,,,industrial-works.osm.pbf
node,4508784618,10.1781104,76.2148794,,,,works,,,,,,,industrial-works.osm.pbf
node,4512548190,23.0831468,72.1565417,,,,works,,,,,,,industrial-works.osm.pbf
node,4516538548,20.4289104,85.1644031,,,,works,,,,,,,industrial-works.osm.pbf
node,4523122790,23.2597782,72.4731068,,,,works,,,,,,,industrial-works.osm.pbf
node,4526214441,9.53779,76.7591343,mill,,,works,,,,,,,industrial-works.osm.pbf
node,4537438747,9.848804,76.8376481,,,,works,,,,,,,industrial-works.osm.pbf
node,4544652440,22.2513024,73.1861755,,,,works,,,,,,,industrial-works.osm.pbf
node,4546445592,22.1328969,73.1720696,,,,works,,,,,,,industrial-works.osm.pbf
node,4547413789,22.3157898,73.1990828,,,,works,,,,,,,industrial-works.osm.pbf
node,4547440053,22.1319707,73.1724713,,,,works,,,,,,,industrial-works.osm.pbf
node,4548858148,17.3549466,78.444023,,,,works,,hydraulic filters; oil filters; air filters; disk filtre,,,,industrial filter manufacturers,industrial-works.osm.pbf
node,4577233255,9.7409691,76.6399301,,,,works,,,,,,,industrial-works.osm.pbf
node,4586804289,22.7330551,71.369163,,,,works,,,,,,,industrial-works.osm.pbf
node,4592138030,20.6176521,79.9237883,,,,works,,,,,,,industrial-works.osm.pbf
node,4597704995,30.9659912,76.8055639,,,,works,,,,,,,industrial-works.osm.pbf
node,4613930696,22.7228753,75.8868815,,,,works,,,,,,,industrial-works.osm.pbf
node,4618338616,20.5845574,79.8824273,,,,works,,,,,,,industrial-works.osm.pbf
node,4623087089,22.9691784,72.6323673,,,,works,,,,,,,industrial-works.osm.pbf
node,4637956789,13.0506071,78.5329758,,,,works,,,,,,,industrial-works.osm.pbf
node,4639712097,12.9207848,80.0898349,,,,works,,,,,,,industrial-works.osm.pbf
node,4671058853,17.3767697,82.5412456,,,,works,,sugar,,,,,industrial-works.osm.pbf
node,4682089694,22.6329909,72.9144163,,,,works,,,,,,,industrial-works.osm.pbf
node,4684806089,22.0487278,70.7913575,,,,works,,,,,,,industrial-works.osm.pbf
node,4685283794,22.1632707,70.7990192,,,,works,,bearings,,,,,industrial-works.osm.pbf
node,4686324302,13.3310592,75.7887511,,,,works,,,,,,,industrial-works.osm.pbf
node,4690909094,10.1582947,76.2223974,,,,works,,,,,,,industrial-works.osm.pbf
node,4695080843,22.708423,75.8437688,,,,works,,,,,,,industrial-works.osm.pbf
node,4702705490,12.8811496,77.5983865,,,,works,,,,,,,industrial-works.osm.pbf
node,4702907089,20.290705,85.8915589,,,,works,,,,,,,industrial-works.osm.pbf
node,4708834654,17.9781799,79.513738,,,,works,,,,,,,industrial-works.osm.pbf
node,4709507292,19.0478225,72.8608609,,,,works,,,,,,,industrial-works.osm.pbf
node,4710336769,17.9686136,79.5045248,,,,works,,,,,,,industrial-works.osm.pbf
node,4710337921,17.9653383,79.5009723,,,,works,,,,,,,industrial-works.osm.pbf
node,4711379875,25.4802743,78.5590933,,,,works,,,,,,,industrial-works.osm.pbf
node,4713935389,30.8920568,75.8558286,,,,works,,,,,,,industrial-works.osm.pbf
node,4714556291,30.8752122,75.9355782,,,,works,,,,,,,industrial-works.osm.pbf
node,4716136694,20.3243657,73.0525793,,,,works,,,,,,,industrial-works.osm.pbf
node,4717894992,21.1613101,72.8163572,,,,works,,,,,,,industrial-works.osm.pbf
node,4717916189,20.3233533,73.0517383,,,,works,,,,,,,industrial-works.osm.pbf
node,4723474185,18.32876,73.8518108,,,,works,,,,,,,industrial-works.osm.pbf
node,4725209391,23.324769,72.418205,,,,works,,,,,,,industrial-works.osm.pbf
node,4727082392,23.3226944,72.423167,,,,works,,,,,,,industrial-works.osm.pbf
node,4784023232,21.091469,79.0745876,,,,works,,,,,,,industrial-works.osm.pbf
node,4794981612,12.8984621,77.6077509,,,,works,,,,,,,industrial-works.osm.pbf
node,4798383721,18.6759524,83.9477581,,,,works,,,,,,,industrial-works.osm.pbf
node,4798383722,18.6731951,83.9498787,,,,works,,,,,,,industrial-works.osm.pbf
node,4822968474,25.9082711,86.721837,,,,works,,,,,,,industrial-works.osm.pbf
node,4822968475,25.9087011,86.7176979,,,,works,,,,,,,industrial-works.osm.pbf
node,4822968476,25.9074258,86.7178973,,,,works,,,,,,,industrial-works.osm.pbf
node,4822968477,25.9102463,86.7229229,,,,works,,,,,,,industrial-works.osm.pbf
node,4822968478,25.912411,86.7220664,,,,works,,,,,,,industrial-works.osm.pbf
node,4822968479,25.9119654,86.724105,,,,works,,,,,,,industrial-works.osm.pbf
node,4822968480,25.914442,86.7220381,,,,works,,,,,,,industrial-works.osm.pbf
node,4822968481,25.9164234,86.7220614,,,,works,,,,,,,industrial-works.osm.pbf
node,4822968482,25.9205687,86.7226504,,,,works,,,,,,,industrial-works.osm.pbf
node,4822968483,25.9219755,86.7230242,,,,works,,,,,,,industrial-works.osm.pbf
node,4830865602,13.6747828,79.5015075,,,,works,,battery,,,,,industrial-works.osm.pbf
node,4830865604,13.673266,79.5039116,,,,works,,,,,,,industrial-works.osm.pbf
node,4891934021,11.4929053,76.4722539,,,,works,,,,,,,industrial-works.osm.pbf
node,4903042822,12.3235374,78.075308,,,,works,,,,,,,industrial-works.osm.pbf
node,4911293269,25.8746467,86.7476895,,,,works,,,,,,,industrial-works.osm.pbf
node,4911334501,25.9480929,86.7273244,,,,works,,,,,,,industrial-works.osm.pbf
node,4938983210,12.0625612,78.9715022,,,,works,,,,,,,industrial-works.osm.pbf
node,4945452825,22.1314091,73.1800745,,,,works,,,,,,,industrial-works.osm.pbf
node,4958347476,12.5082404,79.1675959,,,,works,,sugar,,,,,industrial-works.osm.pbf
node,4968389170,20.5418699,79.8812557,,,,works,,,,,,,industrial-works.osm.pbf
node,4976468647,28.7361944,76.8878048,,,,works,,bricks,,,,,industrial-works.osm.pbf
node,4999032223,23.5024536,77.0794642,,,,works,,,,,,,industrial-works.osm.pbf
node,5041026597,17.3637981,82.546551,,,,works,,,,,,,industrial-works.osm.pbf
node,5059714879,26.6231943,76.0149477,,,,works,,,,,,,industrial-works.osm.pbf
node,5072082636,16.6131118,77.9751896,,,,works,,,,,,"Agricultural Products
Plant Seeds
Crop Seeds
Crop Research",industrial-works.osm.pbf
node,5072094278,17.2483141,78.4732248,,,,works,,,,,,,industrial-works.osm.pbf
node,5090942422,10.6139007,76.2041321,,,,works,,,,,,,industrial-works.osm.pbf
node,5144668742,21.5327392,86.8305387,,,,works,,,,,,,industrial-works.osm.pbf
node,5148613523,25.5424381,87.5617286,,,,works,,,,,,,industrial-works.osm.pbf
node,5224414471,10.7904473,78.7689291,,,,works,,,,,,,industrial-works.osm.pbf
node,5243658621,10.5460012,76.5793408,,,,works,,,,,,,industrial-works.osm.pbf
node,5272178152,11.9414661,79.8020246,,,,works,,,,,,,industrial-works.osm.pbf
node,5293574643,27.1844098,83.2519015,,,,works,,,,,,,industrial-works.osm.pbf
node,5293710603,20.5899713,79.6774338,,,,works,,,,,,,industrial-works.osm.pbf
node,5301691722,12.9572131,77.6619371,,,,works,,,,,,,industrial-works.osm.pbf
node,5301754360,31.2148204,75.1974776,,,,works,,,,,,,industrial-works.osm.pbf
node,5309822929,27.1860372,83.2629576,,,,works,,,,,,,industrial-works.osm.pbf
node,5311594591,11.9458505,79.8048609,,,,works,,electronics;wheel;automobile,,,,,industrial-works.osm.pbf
node,5311599256,11.9456878,79.8055715,,,,works,,food;ice_cream,,,,,industrial-works.osm.pbf
node,5311606241,11.9456147,79.8070009,,,,works,,rice,,,,,industrial-works.osm.pbf
node,5320244993,20.5737055,79.8807052,,,,works,,,,,,,industrial-works.osm.pbf
node,5327483058,23.0963308,72.6217813,,,,works,,,,,,,industrial-works.osm.pbf
node,5334575312,27.1573766,83.188536,,,,works,,,,,,,industrial-works.osm.pbf
node,5401418355,22.5526017,72.9728394,,,,works,,,,,,,industrial-works.osm.pbf
node,5445305465,16.4653877,79.9131904,,,,works,,,,,,,industrial-works.osm.pbf
node,5451448964,16.4766697,79.8842219,,,,works,,,,,,,industrial-works.osm.pbf
node,5468954622,22.3058184,73.3926916,,,,works,,,,,,,industrial-works.osm.pbf
node,5472799655,26.5911032,88.4999156,,,,works,,,,,,,industrial-works.osm.pbf
node,5479440650,23.2733147,77.3195192,,,,works,,,,,,,industrial-works.osm.pbf
node,5490011891,13.0766523,80.1813734,,,,works,,,,,,,industrial-works.osm.pbf
node,5499159035,13.0348889,80.1005489,,,,works,,plastic;paper_POS_rolls,,,,,industrial-works.osm.pbf
node,5501955621,22.730595,88.3427424,,,,works,,,,,,,industrial-works.osm.pbf
node,5574994789,11.9348589,79.8236396,,,,works,,Soda,,,,,industrial-works.osm.pbf
node,5601012873,10.8652576,76.885797,,,,works,,,,,,,industrial-works.osm.pbf
node,5614483225,13.8897952,75.6691171,,,,works,,steel;iorn,,,,,industrial-works.osm.pbf
node,5626074436,17.6650102,83.2126578,,,,works,,,,,,,industrial-works.osm.pbf
node,5645317920,14.4819108,78.7186806,,,,works,,,,,,,industrial-works.osm.pbf
node,5646147189,14.5902565,74.8163723,,,,works,,machinery;metal,,,,,industrial-works.osm.pbf
node,5659102726,23.130888,70.0748183,,,,works,,,,,,,industrial-works.osm.pbf
node,5683861162,18.1600351,78.8967806,,,,works,,,,,,,industrial-works.osm.pbf
node,5683878976,16.9413995,78.1737265,,,,works,,,,,,,industrial-works.osm.pbf
node,5690889325,19.0074469,76.9454261,,,,works,,,,,,,industrial-works.osm.pbf
node,5712632666,30.4537626,75.345376,,,,works,,bus_body;steel_bus_body;busbodybuilder;buses;busbodymanufacturer;gcbuses;gc;gobindcoach;gobind;coach;coachbuilder;coachmanufacturer;gobindbuses;gobindbus;gobindbusbody;gobindmotors;hargobindcoach;hargobindcoachbuilders;hargobindcoachbuilder;hargobindcoach,,,,,industrial-works.osm.pbf
node,5748582367,10.7458745,76.0250725,,,,works,,,,,,,industrial-works.osm.pbf
node,5755951121,30.3360187,76.8804009,,,,works,,,,,,,industrial-works.osm.pbf
node,5786575202,15.3516743,76.4926049,,,,works,,,,,,,industrial-works.osm.pbf
node,5792057425,23.2458687,72.6287986,,,,works,,,,,,,industrial-works.osm.pbf
node,5817985653,18.2183726,76.1567372,,,,works,,,,,,,industrial-works.osm.pbf
node,5820474147,15.460227,73.96912,,,,works,,,,,,,industrial-works.osm.pbf
node,5820474148,15.4606276,73.9705163,,,,works,,,,,,,industrial-works.osm.pbf
node,5860366576,9.7484287,76.3622091,,,,works,,cement,,,,,industrial-works.osm.pbf
node,5893838819,10.3376471,79.3819486,,,,works,,,,,,,industrial-works.osm.pbf
node,5907851517,10.5588698,76.2392054,,,,works,,,,,,,industrial-works.osm.pbf
node,5909537083,19.1675987,73.4461913,,,,works,,,,,,,industrial-works.osm.pbf
node,5965559464,9.941929,78.1493794,,,,works,,food,,,,"Established in the year 1962, Ruby food is one of the leading manufacturers in the food industry in Madurai, TN, India for more than 50 years. We have a wide range of products from flavoured milk, fruit drinks and traditional drinks.",industrial-works.osm.pbf
node,6016490290,25.1955377,84.9964862,,,,works,,,,,,,industrial-works.osm.pbf
node,6068260985,22.9876385,72.4986666,,,,works,,,,,,,industrial-works.osm.pbf
node,6106033348,19.089805,82.1718118,,,,works,,,,,,,industrial-works.osm.pbf
node,6139847329,19.9356197,79.887872,,,,works,,rice,,,,,industrial-works.osm.pbf
node,6149217741,23.3660643,91.2493929,,,,works,,,,,,,industrial-works.osm.pbf
node,6150738227,19.9351687,79.8920913,,,,works,,rice,,,,,industrial-works.osm.pbf
node,6150738228,19.9357343,79.8920246,,,,works,,rice,,,,,industrial-works.osm.pbf
node,6155071295,10.5791302,76.0396921,,,,works,,,,,,,industrial-works.osm.pbf
node,6169940120,18.0013895,74.4227277,,,,works,,,,,,,industrial-works.osm.pbf
node,6175893202,19.929998,79.8927922,,,,works,,,,,,,industrial-works.osm.pbf
node,6177813077,23.3845863,91.2338296,,,,works,,,,,,,industrial-works.osm.pbf
node,6180073982,23.3430193,91.2652785,,,,works,,,,,,,industrial-works.osm.pbf
node,6180977760,19.9367476,79.8876395,,,,works,,,,,,,industrial-works.osm.pbf
node,6181003330,19.9397623,79.8882093,,,,works,,,,,,,industrial-works.osm.pbf
node,6219037342,21.2049532,79.1494721,,,,works,,,,,,,industrial-works.osm.pbf
node,6227566329,21.2014598,79.1427103,,,,works,,,,,,,industrial-works.osm.pbf
node,6236173035,9.3670366,76.4744433,,,,works,,,,,,,industrial-works.osm.pbf
node,6261330777,16.1321126,80.1917962,,,,works,,,,,,,industrial-works.osm.pbf
node,6273534634,17.2692599,78.5395689,,,,works,,,,,,,industrial-works.osm.pbf
node,6356271633,31.6266757,76.0994991,,,,works,,,,,,,industrial-works.osm.pbf
node,6361061942,22.4763638,72.6257256,,,,works,,,,,,,industrial-works.osm.pbf
node,6372427563,16.7557253,81.0298582,,,,works,,food,,,,,industrial-works.osm.pbf
node,6422581419,19.380451,85.0519475,,,,works,,,,,,,industrial-works.osm.pbf
node,6422581420,19.3799064,85.0537363,,,,works,,,,,,,industrial-works.osm.pbf
node,6439721471,30.8963227,75.8612429,,,,works,,electroplating,,,,ELectroplating work,industrial-works.osm.pbf
node,6445035685,22.9628347,72.5985939,,,,works,,,,,,,industrial-works.osm.pbf
node,6466480173,18.7815336,73.7469706,,,,works,,,,,,,industrial-works.osm.pbf
node,6466480174,18.7815336,73.7451467,,,,works,,,,,,,industrial-works.osm.pbf
node,6468953783,28.4149485,77.0534208,,,,works,,,,,,,industrial-works.osm.pbf
node,6501779293,18.5830969,73.7316902,,,,works,,,,,,,industrial-works.osm.pbf
node,6501779294,18.5836791,73.7317037,,,,works,,,,,,,industrial-works.osm.pbf
node,6501779295,18.5842257,73.7308293,,,,works,,,,,,,industrial-works.osm.pbf
node,6587421898,28.4643523,77.3073518,,,,works,,Peach_finsih;textiles;printing,,,,,industrial-works.osm.pbf
node,6620340643,10.066813,77.0086938,,,,works,,tea,,,,,industrial-works.osm.pbf
node,6779129199,12.5183652,76.8952048,,,,works,,,,,,,industrial-works.osm.pbf
node,6835548385,28.5369029,77.4108464,,,,works,,MEDICAL_DEVICES;MEDICAL_APPARELS;INSULIN_SYRINGE;IV_CANNULA,,,,,industrial-works.osm.pbf
node,6894729427,12.2282155,75.1547871,,,,works,,,,,,,industrial-works.osm.pbf
node,6897694453,9.6470333,77.1656471,,,,works,,,,,,,industrial-works.osm.pbf
node,6917354767,12.2769266,75.1104088,,,,works,,,,,,,industrial-works.osm.pbf
node,6917397656,12.4554352,75.1066152,,,,works,,,,,,,industrial-works.osm.pbf
node,6935358813,18.4682076,79.1936803,,,,works,,,,,,,industrial-works.osm.pbf
node,6953810886,27.2784665,94.0246352,,,,works,,,,,,,industrial-works.osm.pbf
node,6956684749,12.3551717,75.1234425,,,,works,,food,,,,,industrial-works.osm.pbf
node,6956694832,12.3435272,75.1128713,,,,works,,,,,,,industrial-works.osm.pbf
node,6961468738,30.9237746,74.9584904,,,,works,,,,,,,industrial-works.osm.pbf
node,6972497684,10.0698014,76.6050584,,,,works,,tyre,,,,,industrial-works.osm.pbf
node,6977435456,11.3753185,76.0501447,,,,works,,,,,,,industrial-works.osm.pbf
node,6989006753,22.9778264,72.5894443,,,,works,,ICU_Bed;charcoal;Bedside_Furniture;Examination_Couch;OT_Equipment;Crash_Cart;Wheel_Chair;Stretcher;Medical_Furniture_Accessories,,,,,industrial-works.osm.pbf
node,6991875791,23.0290154,72.6923839,,,,works,,machinery;Hydro_Testing_Pump;Barrel_Pump;Drum_Pump;Rotary_Pump;water_jetting_pump;Triplex_Plunger_Pump,,,,,industrial-works.osm.pbf
node,7023459029,23.0425953,69.9205649,,,,works,,,,,,,industrial-works.osm.pbf
node,7040617844,30.8419412,76.1873088,,,,works,,,,,,,industrial-works.osm.pbf
node,7049254324,17.6793736,82.9567175,,,,works,,,,,,,industrial-works.osm.pbf
node,7056060185,20.8577043,78.9699589,,,,works,,,,,,,industrial-works.osm.pbf
node,7069631665,11.3780386,76.7481188,,,,works,,,,,,,industrial-works.osm.pbf
node,7074121934,10.3033971,76.2146704,,,,works,,,,,,,industrial-works.osm.pbf
node,7076750024,10.4776545,76.1625778,,,,works,,,,,,,industrial-works.osm.pbf
node,7076794901,11.1550221,76.1926024,,,,works,,,,,,,industrial-works.osm.pbf
node,7076861220,10.481949,76.0741786,,,,works,,,,,,,industrial-works.osm.pbf
node,7079020451,10.3000218,76.2161264,,,,works,,,,,,,industrial-works.osm.pbf
node,7079259700,10.3982924,76.2646276,,,,works,,,,,,,industrial-works.osm.pbf
node,7079259701,10.3987197,76.2648463,,,,works,,,,,,,industrial-works.osm.pbf
node,7079281178,10.5633645,76.3500452,,,,works,,,,,,,industrial-works.osm.pbf
node,7083348626,12.9355611,79.1494042,,,,works,,,,,,,industrial-works.osm.pbf
node,7083383944,11.1466918,76.1062027,,,,works,,,,,,,industrial-works.osm.pbf
node,7083422133,11.1467233,76.1062241,,,,works,,,,,,,industrial-works.osm.pbf
node,7083505881,9.0882151,76.5561338,,,,works,,,,,,,industrial-works.osm.pbf
node,7083525655,11.1458697,76.1193538,,,,works,,,,,,,industrial-works.osm.pbf
node,7083582028,11.1517819,76.114028,,,,works,,,,,,,industrial-works.osm.pbf
node,7088194198,17.6157653,77.9866738,,,,works,,,,,,,industrial-works.osm.pbf
node,7088280108,18.9545218,79.647649,,,,works,,rice,,,,,industrial-works.osm.pbf
node,7088702250,17.0262305,81.8078945,,,,works,,,,,,,industrial-works.osm.pbf
node,7089359939,8.5454239,76.8908776,,,,works,,,,,,,industrial-works.osm.pbf
node,7095724227,21.1257432,79.1227897,,,,works,,,,,,,industrial-works.osm.pbf
node,7111762714,10.4656355,76.2205128,,,,works,,,,,,,industrial-works.osm.pbf
node,7121427707,10.7200259,76.0813701,,,,works,,,,,,,industrial-works.osm.pbf
node,7121830949,10.5536765,76.1734448,,,,works,,,,,,,industrial-works.osm.pbf
node,7121888638,10.3981463,76.2828009,,,,works,,,,,,,industrial-works.osm.pbf
node,7121930056,10.5163128,76.1720525,,,,works,,,,,,,industrial-works.osm.pbf
node,7123799092,10.4731473,76.2397971,,,,works,,,,,,,industrial-works.osm.pbf
node,7128053560,8.4776035,77.1538607,,,,works,,,,,,,industrial-works.osm.pbf
node,7137335288,23.2272161,72.5083038,,,,works,,,,,,,industrial-works.osm.pbf
node,7169980055,33.9261956,75.1235827,,,,works,,,,,,,industrial-works.osm.pbf
node,7171375206,30.2364485,74.9108692,,,,works,,,,,,,industrial-works.osm.pbf
node,7174374748,17.5483484,80.6059068,,,,works,,,,,,,industrial-works.osm.pbf
node,7195092934,22.4117257,70.0574431,,,,works,,,,,,,industrial-works.osm.pbf
node,7211780777,20.4877592,85.9369425,,,,works,,poultry,,,,"Pasupati Group is committed to poultry, dairy, fish and agricultural farmers. In its journey of last 3 decades it has stood to the test of time and has helped farmers to get their inputs at reasonable price with quality assurance.",industrial-works.osm.pbf
node,7211780778,20.4883105,85.9442011,,,,works,,fish_feed,,,,"Pasupati Group is committed to poultry, dairy, fish and agricultural farmers. In its journey of last 3 decades it has stood to the test of time and has helped farmers to get their inputs at reasonable price with quality assurance.",industrial-works.osm.pbf
node,7211780779,20.5542086,85.9910044,,,,works,,cow_feed,,,,"Pasupati Group is committed to poultry, dairy, fish and agricultural farmers. In its journey of last 3 decades it has stood to the test of time and has helped farmers to get their inputs at reasonable price with quality assurance. ",industrial-works.osm.pbf
node,7213733601,9.5654532,76.6622269,,,,works,,,,,,,industrial-works.osm.pbf
node,7222924301,9.5818158,76.5825238,,,,works,,,,,,,industrial-works.osm.pbf
node,7234792872,22.9708321,69.7240694,,,,works,,,,,,Storage Facility,industrial-works.osm.pbf
node,7244238196,17.4043449,78.5041773,,,,works,,,,,,,industrial-works.osm.pbf
node,7244388406,18.3842598,78.8120741,,,,works,,,,,,,industrial-works.osm.pbf
node,7247149868,18.2726982,80.4773641,,,,works,,,,,,,industrial-works.osm.pbf
node,7266228586,12.8316483,79.8793808,,,,works,,,,,,,industrial-works.osm.pbf
node,7305639714,9.5911286,76.6419119,,,,works,,,,,,,industrial-works.osm.pbf
node,7322025309,9.940916,76.4074839,,,,works,,,,,,,industrial-works.osm.pbf
node,7322388844,9.8728592,76.4865071,,,,works,,,,,,,industrial-works.osm.pbf
node,7324926734,9.905968,76.4622617,,,,works,,,,,,,industrial-works.osm.pbf
node,7324940426,9.9039152,76.4504952,,,,works,,,,,,,industrial-works.osm.pbf
node,7325159523,9.3650736,76.6633523,,,,works,,,,,,,industrial-works.osm.pbf
node,7325439682,9.8960279,76.5378974,,,,works,,,,,,,industrial-works.osm.pbf
node,7325532510,9.6842337,76.6599782,,,,works,,,,,,,industrial-works.osm.pbf
node,7327162173,9.8850164,76.4590935,,,,works,,,,,,,industrial-works.osm.pbf
node,7327237746,9.869119,76.4497939,,,,works,,,,,,,industrial-works.osm.pbf
node,7332981028,9.5676957,76.6872065,,,,works,,,,,,,industrial-works.osm.pbf
node,7334014205,10.1822588,76.3829732,,,,works,,,,,,,industrial-works.osm.pbf
node,7334014225,10.1787175,76.4172297,,,,works,,,,,,,industrial-works.osm.pbf
node,7340016181,9.4670952,76.5677468,,,,works,,,,,,,industrial-works.osm.pbf
node,7342450413,9.6590987,76.7207042,,,,works,,,,,,,industrial-works.osm.pbf
node,7342740513,9.0055393,76.778977,,,,works,,,,,,,industrial-works.osm.pbf
node,7346756602,9.5498452,76.8704567,,,,works,,,,,,,industrial-works.osm.pbf
node,7349826927,9.8622768,76.6965918,,,,works,,,,,,,industrial-works.osm.pbf
node,7353638543,9.9737426,76.4086054,,,,works,,,,,,,industrial-works.osm.pbf
node,7353672468,9.9726899,76.4101304,,,,works,,,,,,,industrial-works.osm.pbf
node,7362086085,30.7884221,75.917675,,,,works,,,,,,,industrial-works.osm.pbf
node,7363797715,9.3698845,76.8477813,,,,works,,,,,,,industrial-works.osm.pbf
node,7366388486,9.2515419,76.7596843,,,,works,,,,,,,industrial-works.osm.pbf
node,7374949519,10.7958064,76.7583879,,,,works,,,,,,,industrial-works.osm.pbf
node,7375139627,10.7941452,76.735588,,,,works,,,,,,,industrial-works.osm.pbf
node,7376093218,9.7484897,76.3640173,,,,works,,,,,,,industrial-works.osm.pbf
node,7376093219,9.749243,76.3640091,,,,works,,,,,,,industrial-works.osm.pbf
node,7384659654,10.6249942,76.102719,,,,works,,,,,,hours-monday to saturday-9AM to 7 PM,industrial-works.osm.pbf
node,7387957743,10.6414576,76.1791059,,,,works,,,,,,,industrial-works.osm.pbf
node,7388390379,11.9320156,75.3567104,,,,works,,,,,,,industrial-works.osm.pbf
node,7390066495,11.7191014,75.54957,,,,works,,,,,,,industrial-works.osm.pbf
node,7398792176,11.6602184,76.1673016,,,,works,,,,,,,industrial-works.osm.pbf
node,7446761909,9.0580131,76.5183321,,,,works,,,,,,,industrial-works.osm.pbf
node,7446814690,9.0554447,76.525206,,,,works,industrial,,,,,,industrial-works.osm.pbf
node,7449153045,10.0151599,76.9374821,,,,works,,,,,,,industrial-works.osm.pbf
node,7452159270,8.9621226,76.6674338,,,,works,,machinery;electronics,,,,,industrial-works.osm.pbf
node,7452159271,8.9620106,76.667531,,,,works,,,,,,,industrial-works.osm.pbf
node,7452159272,8.9622721,76.6679902,,,,works,,,,,,,industrial-works.osm.pbf
node,7452528431,8.7837159,76.6775099,,,,works,,,,,,,industrial-works.osm.pbf
node,7457076249,8.6398086,76.8451774,,,,works,,,,,,,industrial-works.osm.pbf
node,7457367134,8.6389541,76.8356701,,,,works,,,,,,,industrial-works.osm.pbf
node,7458333112,8.9829497,76.9234253,,,,works,,,,,,,industrial-works.osm.pbf
node,7460105889,9.4491461,76.5390104,,,,works,,food,,,,,industrial-works.osm.pbf
node,7460124300,8.6157369,76.9974406,,,,works,,,,,,,industrial-works.osm.pbf
node,7461659799,10.0386405,76.7114918,,,,works,,cocunut_oil,,,,,industrial-works.osm.pbf
node,7462022108,9.0035556,76.6613422,,,,works,,,,,,,industrial-works.osm.pbf
node,7463173798,18.6872376,78.1196412,,,,works,,,,,,,industrial-works.osm.pbf
node,7463259306,9.4913957,76.5364945,,,,works,,,,,,,industrial-works.osm.pbf
node,7463730925,9.4569353,76.5326482,,,,works,,,,,,,industrial-works.osm.pbf
node,7463792492,10.1721143,76.433989,,,,works,,,,,,,industrial-works.osm.pbf
node,7463792505,10.1727775,76.4346638,,,,works,,,,,,,industrial-works.osm.pbf
node,7463792525,10.1740222,76.434449,,,,works,,,,,,,industrial-works.osm.pbf
node,7463792526,10.175394,76.4352037,,,,works,,,,,,,industrial-works.osm.pbf
node,7463792527,10.1746231,76.4357578,,,,works,,,,,,,industrial-works.osm.pbf
node,7463792579,10.1736444,76.4359891,,,,works,,,,,,,industrial-works.osm.pbf
node,7464400087,9.9227132,76.2636635,,,,works,,,,,,,industrial-works.osm.pbf
node,7464797224,9.4924311,76.5528965,,,,works,,,,,,,industrial-works.osm.pbf
node,7465326494,9.743034,76.3127053,,,,works,,,,,,,industrial-works.osm.pbf
node,7465461959,8.7695193,76.8800011,,,,works,,,,,,,industrial-works.osm.pbf
node,7465461960,8.7699286,76.8803014,,,,works,,,,,,,industrial-works.osm.pbf
node,7465493312,9.9383527,76.3710012,,,,works,,,,,,,industrial-works.osm.pbf
node,7465999634,8.7874437,76.7727223,,,,works,,,,,,,industrial-works.osm.pbf
node,7466012749,9.2163704,76.7723644,,,,works,,,,,,,industrial-works.osm.pbf
node,7466332783,9.8472727,76.4116114,,,,works,,,,,,,industrial-works.osm.pbf
node,7466726973,9.4607332,76.5729578,,,,works,industrial,,,,,,industrial-works.osm.pbf
node,7466747456,10.1741702,76.4368051,,,,works,,,,,,,industrial-works.osm.pbf
node,7467559268,10.0161757,76.9528444,,,,works,,,,,,,industrial-works.osm.pbf
node,7467800703,9.7824559,76.5128099,,,,works,,,,,,,industrial-works.osm.pbf
node,7467842104,9.0896026,76.6832415,,,,works,,,,,,,industrial-works.osm.pbf
node,7469390619,9.8112488,76.4303133,,,,works,,,,,,,industrial-works.osm.pbf
node,7471381814,8.9444768,76.7713615,,,,works,,,,,,,industrial-works.osm.pbf
node,7471881138,9.9682314,76.3145231,,,,works,,,,,,,industrial-works.osm.pbf
node,7472139029,9.9325763,77.054953,,,,works,,,,,,,industrial-works.osm.pbf
node,7472428293,9.963891,76.2707961,,,,works,,,,,,TEA MANUFACTURER,industrial-works.osm.pbf
node,7472756224,10.0118222,76.956306,,,,works,,,,,,aluminium vessels store,industrial-works.osm.pbf
node,7472816738,8.5835159,76.8276827,,,,works,,,,,,,industrial-works.osm.pbf
node,7473007131,10.028877,76.3017537,,,,works,,,,,,,industrial-works.osm.pbf
node,7473378398,9.0121647,76.9277297,,,,works,,electrical_conduit;wiring_pipe;upvc_pipe;water_pipe;electrical_fitting;solvent_cement;garden_hoses,,,,,industrial-works.osm.pbf
node,7473576380,9.5650399,76.3283907,,,,works,,,,,,,industrial-works.osm.pbf
node,7474036440,8.7684223,76.8785167,,,,works,,,,,,,industrial-works.osm.pbf
node,7474036455,9.0181866,76.6602026,,,,works,,,,,,,industrial-works.osm.pbf
node,7474971402,8.901168,76.6828689,,,,works,,cashew_nut,,,,,industrial-works.osm.pbf
node,7475262476,9.4881332,76.7043757,,,,works,,,,,,,industrial-works.osm.pbf
node,7475489804,8.4567511,76.9658977,,,,works,,,,,,,industrial-works.osm.pbf
node,7477665832,9.0434188,76.9619342,,,,works,,,,,,,industrial-works.osm.pbf
node,7478280611,9.602701,76.3116402,,,,works,,,,,,,industrial-works.osm.pbf
node,7478339066,11.3370078,75.8171703,,,,works,,,,,,,industrial-works.osm.pbf
node,7478406270,8.8838809,76.6732282,,,,works,,,,,,,industrial-works.osm.pbf
node,7478483126,10.0217987,76.5628459,,,,works,,,,,,,industrial-works.osm.pbf
node,7478517006,8.8844294,76.674666,,,,works,,,,,,,industrial-works.osm.pbf
node,7478530982,8.8843075,76.6752233,,,,works,,automobile,,,,,industrial-works.osm.pbf
node,7479533294,9.5445413,76.5836302,,,,works,,,,,,,industrial-works.osm.pbf
node,7480010591,9.1031825,76.677638,,,,works,,,,,,,industrial-works.osm.pbf
node,7481747681,9.542435,76.3128521,,,,works,,,,,,,industrial-works.osm.pbf
node,7481982103,9.0953897,76.6665664,,,,works,,,,,,,industrial-works.osm.pbf
node,7483570399,11.3366511,75.8159054,,,,works,,,,,,,industrial-works.osm.pbf
node,7484323055,9.6831177,76.7862806,,,,works,,,,,,,industrial-works.osm.pbf
node,7485121285,11.9292268,75.7676392,,,,works,,,,,,,industrial-works.osm.pbf
node,7485366126,9.5160509,76.8166565,,,,works,,,,,,,industrial-works.osm.pbf
node,7485627068,8.8860498,76.6750507,,,,works,,,,,,,industrial-works.osm.pbf
node,7485829308,9.5425046,76.6654348,,,,works,,,,,,,industrial-works.osm.pbf
node,7488451343,8.8037742,76.7624373,,,,works,,,,,,,industrial-works.osm.pbf
node,7488939907,9.9573197,76.6255437,,,,works,,,,,,,industrial-works.osm.pbf
node,7489198476,10.1641088,76.4008064,,,,works,,,,,,,industrial-works.osm.pbf
node,7489838331,9.7935463,76.3460657,,,,works,,,,,,,industrial-works.osm.pbf
node,7491864479,10.4309749,76.2801591,,,,works,,flour,,,,flour mill,industrial-works.osm.pbf
node,7492001196,8.5117305,76.928661,,,,works,,,,,,,industrial-works.osm.pbf
node,7492419105,11.2652502,75.8823603,,,,works,,,,,,,industrial-works.osm.pbf
node,7492701138,10.5919768,76.0944266,,,,works,,,,,,,industrial-works.osm.pbf
node,7494195760,8.895417,76.6822157,,,,works,,,,,,,industrial-works.osm.pbf
node,7494494085,8.9017346,76.677359,,,,works,,food,,,,,industrial-works.osm.pbf
node,7494691367,8.8697518,76.6709555,,,,works,,,,,,,industrial-works.osm.pbf
node,7494749925,8.8932527,76.6713453,,,,works,,,,,,,industrial-works.osm.pbf
node,7494790073,8.901093,76.6669294,,,,works,,,,,,,industrial-works.osm.pbf
node,7494907871,9.2170165,76.7783589,,,,works,,,,,,,industrial-works.osm.pbf
node,7494907872,9.2182715,76.7775892,,,,works,,,,,,,industrial-works.osm.pbf
node,7498304166,9.2169038,76.773055,,,,works,,,,,,,industrial-works.osm.pbf
node,7498744748,9.4262881,76.8550702,,,,works,,,,,,,industrial-works.osm.pbf
node,7498980626,10.0130698,76.3023381,,,,works,,,,,,,industrial-works.osm.pbf
node,7500915844,8.8155085,76.7561135,,,,works,,,,,,,industrial-works.osm.pbf
node,7500991123,10.2619616,76.2889054,,,,works,,machinery;rice,,,,,industrial-works.osm.pbf
node,7501439254,8.9833773,76.6701841,,,,works,,,,,,,industrial-works.osm.pbf
node,7502365040,10.0221816,76.3542959,,,,works,,,,,,,industrial-works.osm.pbf
node,7503170484,9.7041886,76.4826872,,,,works,,,,,,,industrial-works.osm.pbf
node,7503583315,11.121682,76.3496792,,,,works,,food,,,,,industrial-works.osm.pbf
node,7505640653,9.8134784,76.4540605,,,,works,,,,,,,industrial-works.osm.pbf
node,7505779678,10.0823309,76.5568037,,,,works,,,,,,,industrial-works.osm.pbf
node,7505779680,10.0822996,76.556355,,,,works,,,,,,,industrial-works.osm.pbf
node,7505779682,10.0825562,76.5544256,,,,works,,,,,,,industrial-works.osm.pbf
node,7505784987,10.0830913,76.5558956,,,,works,,,,,,,industrial-works.osm.pbf
node,7505784988,10.082852,76.5544009,,,,works,,,,,,,industrial-works.osm.pbf
node,7505784989,10.0832244,76.5543444,,,,works,,,,,,,industrial-works.osm.pbf
node,7505784990,10.0821699,76.5553443,,,,works,,,,,,,industrial-works.osm.pbf
node,7509197271,9.4982213,76.5086829,,,,works,,bricks,,,,,industrial-works.osm.pbf
node,7509545836,9.5015371,76.5069893,,,,works,,lADDER,,,,,industrial-works.osm.pbf
node,7509545837,9.5021951,76.5088096,,,,works,,bricks,,,,,industrial-works.osm.pbf
node,7509545838,9.5015269,76.5072373,,,,works,,bricks,,,,,industrial-works.osm.pbf
node,7509545839,9.5010232,76.5071445,,,,works,,bricks,,,,,industrial-works.osm.pbf
node,7511800012,9.9774723,76.6008306,,,,works,,,,,,,industrial-works.osm.pbf
node,7511800013,9.9772135,76.600954,,,,works,,,,,,,industrial-works.osm.pbf
node,7511894229,11.6810483,75.5488778,,,,works,,,,,,,industrial-works.osm.pbf
node,7511894239,11.6822084,75.5480192,,,,works,,,,,,,industrial-works.osm.pbf
node,7513248387,9.5010586,76.5238584,,,,works,,,,,,,industrial-works.osm.pbf
node,7513857488,10.0876215,76.554651,,,,works,,,,,,,industrial-works.osm.pbf
node,7513857489,10.0871515,76.5562846,,,,works,,,,,,,industrial-works.osm.pbf
node,7513857490,10.0876449,76.5542197,,,,works,,,,,,,industrial-works.osm.pbf
node,7513857491,10.0872351,76.5560037,,,,works,,,,,,,industrial-works.osm.pbf
node,7513857492,10.0877871,76.554233,,,,works,,,,,,,industrial-works.osm.pbf
node,7513857493,10.0875691,76.5545693,,,,works,,,,,,,industrial-works.osm.pbf
node,7513857494,10.0877722,76.5543213,,,,works,,,,,,,industrial-works.osm.pbf
node,7513857495,10.0876636,76.5543764,,,,works,,,,,,,industrial-works.osm.pbf
node,7513857496,10.0876777,76.5540401,,,,works,,,,,,,industrial-works.osm.pbf
node,7513857497,10.0877516,76.554118,,,,works,,,,,,,industrial-works.osm.pbf
node,7513857498,10.0877652,76.5539413,,,,works,,,,,,,industrial-works.osm.pbf
node,7513857499,10.0877703,76.5544429,,,,works,,,,,,,industrial-works.osm.pbf
node,7513857501,10.0871271,76.555905,,,,works,,,,,,,industrial-works.osm.pbf
node,7515101790,9.8061261,76.4554483,,,,works,,,,,,,industrial-works.osm.pbf
node,7515101801,9.8061989,76.455979,,,,works,,,,,,,industrial-works.osm.pbf
node,7515101802,9.807674,76.4557661,,,,works,,,,,,,industrial-works.osm.pbf
node,7516302715,9.507692,76.5174018,,,,works,,,,,,,industrial-works.osm.pbf
node,7516302716,9.5066338,76.5175225,,,,works,,rubber,,,,,industrial-works.osm.pbf
node,7516509626,11.2651624,76.0049495,,,,works,,,,,,,industrial-works.osm.pbf
node,7516509630,11.2652804,76.0086162,,,,works,,,,,,,industrial-works.osm.pbf
node,7517165526,11.4027151,75.8264995,,,,works,,fertiliser,,,,,industrial-works.osm.pbf
node,7517394323,9.2588073,76.4144207,,,,works,,,,,,,industrial-works.osm.pbf
node,7521976334,12.0339227,75.2706873,,,,works,,,,,,,industrial-works.osm.pbf
node,7523015855,9.8222851,76.4459347,,,,works,,,,,,,industrial-works.osm.pbf
node,7523811383,11.4351764,75.9521769,,,,works,,,,,,,industrial-works.osm.pbf
node,7525218511,9.5098453,76.5253773,,,,works,,Interlocks,,,,,industrial-works.osm.pbf
node,7525218512,9.5094218,76.5254723,,,,works,,,,,,,industrial-works.osm.pbf
node,7540946769,10.8889333,76.5423753,,,,works,,bricks,,,,,industrial-works.osm.pbf
node,7540946770,10.888978,76.5431264,,,,works,,food,,,,,industrial-works.osm.pbf
node,7543992454,10.588016,76.5110085,,,,works,,bricks,,,,,industrial-works.osm.pbf
node,7558884056,22.1387834,88.6905737,,,,works,,,,,,,industrial-works.osm.pbf
node,7637162810,8.3721218,77.076487,,,,works,industrial,,,,,,industrial-works.osm.pbf
node,7637587934,31.6266062,74.8181848,,,,works,,Can_Seaming_Machines;Filter_Seaming_Machines;Capacitor_Seaming_Machines;Can_Seamers;Beer_Seamers;Can_Sealing_Machines;Can_Sealers;Seamers;Seaming_Machines,,,,,industrial-works.osm.pbf
node,7673449385,13.7094101,77.5021337,,,,works,,,,,,,industrial-works.osm.pbf
node,7726053215,9.0067638,76.8092349,,,,works,,cashew,,,,,industrial-works.osm.pbf
node,7726101508,9.0046072,76.8070292,,,,works,,ice_cream,,,,,industrial-works.osm.pbf
node,7726214350,9.6432745,76.533801,,,,works,,,,,,,industrial-works.osm.pbf
node,7731231285,30.7136761,76.6945946,,,,works,,Rock_Drilling_Tools,,,,"Rockpecker is British company which designs and manufactures a wide range of Rock Drilling Tools which are used in Pipeline Installation, Oil & Gas Well Drilling, Mining, Construction, Geothermal, and Water-well Construction industries. ",industrial-works.osm.pbf
node,7743259699,11.1519729,75.88906,,,,works,,food,,,,,industrial-works.osm.pbf
node,7743291218,11.1515668,75.8891207,,,,wastewater_plant,,,,,,,industrial-works.osm.pbf
node,7743302065,11.1500318,75.8896785,,,,works,,food,,,,,industrial-works.osm.pbf
node,7743315650,11.1496146,75.8894777,,,,works,,food,,,,,industrial-works.osm.pbf
node,7743343733,11.1487003,75.8915523,,,,works,,food,,,,,industrial-works.osm.pbf
node,7743353117,11.149169,75.8913388,,,,works,,food,,,,,industrial-works.osm.pbf
node,7745759425,11.1602907,75.8729859,,,,works,,machinery,,,,,industrial-works.osm.pbf
node,7761291532,8.7480793,76.7602152,,,,works,,,,,,,industrial-works.osm.pbf
node,7765686937,8.446197,77.1250071,,,,works,,,,,sand;aggregate,,industrial-works.osm.pbf
node,7765767323,8.5438469,77.0099307,,,,works,,,,,,,industrial-works.osm.pbf
node,7777260568,11.4309603,75.789689,,,,works,,flour,,,,,industrial-works.osm.pbf
node,7781561886,20.4839641,78.9863154,,,,works,,,,,,,industrial-works.osm.pbf
node,7781561985,20.496441,78.9846212,,,,works,,,,,,,industrial-works.osm.pbf
node,7799730063,30.8793504,75.9365414,,,,works,,cutter;metal,,,,,industrial-works.osm.pbf
node,7863772865,22.2430156,70.8044935,,,,works,,Spherical_Roller_Bearings;Tapered_Roller_Bearings;Bearings;Industrial_Bearings;Automotive_Bearings,,,,,industrial-works.osm.pbf
node,7868805685,20.242919,79.0085904,,,,works,,,,,,,industrial-works.osm.pbf
node,7880373114,12.2158949,78.908684,,,,works,,,,,,,industrial-works.osm.pbf
node,7880405525,12.3678344,79.0206417,,,,works,,,,,,,industrial-works.osm.pbf
node,7880477542,12.3046816,78.9683721,,,,works,,,,,,,industrial-works.osm.pbf
node,7880706808,12.3820306,78.9619274,,,,works,,,,,,,industrial-works.osm.pbf
node,7896349450,18.0968692,74.0041268,,,,works,,,,,,,industrial-works.osm.pbf
node,7896387897,18.1055679,73.9957905,,,,works,,,,,,,industrial-works.osm.pbf
node,7904474431,8.8986262,76.6472788,,,,works,,,,,,,industrial-works.osm.pbf
node,7911673053,11.0132712,76.0885842,,,,works,,,,,,,industrial-works.osm.pbf
node,7912503883,11.2446416,75.9342239,,,,works,,,,,,,industrial-works.osm.pbf
node,7925463021,10.0530985,76.3322458,,,,works,,,,,,,industrial-works.osm.pbf
node,7925463022,10.0532995,76.3326184,,,,works,,,,,,,industrial-works.osm.pbf
node,7925463024,10.0535684,76.3328633,,,,works,,,,,,,industrial-works.osm.pbf
node,7925463033,10.0533494,76.3344232,,,,works,,,,,,,industrial-works.osm.pbf
node,7931468932,25.3424117,82.4816491,,,,works,,Carpet;Rugs;wool,,,,Prabhat International is a Carpet Manufacturer and Exporter.,industrial-works.osm.pbf
node,7944550255,22.0123157,82.9523105,,,,works,,,,,,,industrial-works.osm.pbf
node,7959119994,18.9556149,72.8258616,,,,works,,Duplex_Steel_Round_Bars;Super_Duplex_Steel_Round_Bars;Nickel_Alloy_Round_Bars;steel;Duplex_Steel_Fasteners;Super_Duplex_Steel_Fasteners;Nickel_Alloy_Fasteners,,,,"Zeron Exports is an Indian company popularized as specialists of Duplex Steel Range of Materials.

Serving from the Business Capital of India: Mumbai, Zeron Exports caters to the ever – increasing demands of Exotic Alloys through its extensive stock holdi",industrial-works.osm.pbf
node,7967920594,12.8563748,79.9443447,,,,works,,,,,,,industrial-works.osm.pbf
node,8012982386,10.2114274,76.2897897,,,,works,,,,,,,industrial-works.osm.pbf
node,8026924305,19.068287,74.7004387,,,,works,,,,,,,industrial-works.osm.pbf
node,8047596086,28.8462874,76.188954,,,,works,,,,,,,industrial-works.osm.pbf
node,8083237794,9.7149606,76.3157032,,,,works,,,,,,,industrial-works.osm.pbf
node,8091894323,10.6392988,76.1546742,,,,works,yes,metal,,,,,industrial-works.osm.pbf
node,8115058871,18.4525658,83.6368482,,,,works,,,,,,,industrial-works.osm.pbf
node,8116996324,16.7364645,81.6733337,,,,works,,,,,,,industrial-works.osm.pbf
node,8116996326,16.7403554,81.6740947,,,,works,,,,,,,industrial-works.osm.pbf
node,8116996329,16.7489604,81.678291,,,,works,,,,,,,industrial-works.osm.pbf
node,8118715989,25.6477076,85.0750346,,,,works,,,,,,,industrial-works.osm.pbf
node,8142720560,12.0534156,75.2577741,,,,works,,flattened_rice,,,,,industrial-works.osm.pbf
node,8148354469,25.6613787,94.7207806,,,,works,,,,,,,industrial-works.osm.pbf
node,8189681451,22.829752,70.8549435,,,,works,,machinery;LAB_INSTRUMENT;CERAMIC_MACHINERY,,,,,industrial-works.osm.pbf
node,8189845897,22.7343687,70.9731551,,,,works,,TILES;glaZED_VIITRIFIED_TILES;gVT;PGVT;MANUFACTURER,,,,"toli Granito LLP is the largest collection of floor tiles, wall tiles, outdoor parking tiles, in India, best suited for your office and home, room, kitchen, bathroom.",industrial-works.osm.pbf
node,8205336080,21.2149147,72.8297122,,,,works,,DIAMOND;diamond_manufacturer,,,,,industrial-works.osm.pbf
node,8236796523,22.2624971,70.7987228,,,,works,,,,,,,industrial-works.osm.pbf
node,8243216995,24.3846795,71.6303916,,,,works,,metal;steel;furniture,,,,,industrial-works.osm.pbf
node,8288639332,11.0177692,76.2885699,,,,works,,,,,,,industrial-works.osm.pbf
node,8288740028,11.098735,76.2311536,,,,works,,matchstick,,,,,industrial-works.osm.pbf
node,8293068086,11.1297885,76.0014732,,,,works,,,,,,,industrial-works.osm.pbf
node,8293454294,10.9113725,75.9225311,,,,works,,,,,,,industrial-works.osm.pbf
node,8294067798,11.2716433,76.2186998,,,,works,,,,,,,industrial-works.osm.pbf
node,8295295652,11.0378901,76.0112948,,,,works,,,,,,,industrial-works.osm.pbf
node,8295383610,11.0343432,76.0129936,,,,works,,,,,,,industrial-works.osm.pbf
node,8295397799,11.0345797,76.0133566,,,,works,,,,,,,industrial-works.osm.pbf
node,8310350886,8.629965,76.9361739,,,,works,,,,,,,industrial-works.osm.pbf
node,8312160100,11.8704082,79.6340413,,,,works,,,,,,,industrial-works.osm.pbf
node,8317333547,9.3948451,76.8131122,,,,works,,,,,,,industrial-works.osm.pbf
node,8318399653,11.2470376,75.9777028,,,,works,,,,,,,industrial-works.osm.pbf
node,8318508019,11.2485562,75.9780999,,,,works,,,,,,,industrial-works.osm.pbf
node,8323461230,9.843778,76.7741915,,,,works,,food;juice;ice_cream,,,,,industrial-works.osm.pbf
node,8324541986,11.2463951,75.9780574,,,,works,,,,,,,industrial-works.osm.pbf
node,8325048192,10.6837953,76.0727225,,,,works,,,,,,,industrial-works.osm.pbf
node,8326614400,9.3236848,76.8133973,,,,works,,food,,,,,industrial-works.osm.pbf
node,8334331402,10.616373,76.1132812,,,,works,,,,,,,industrial-works.osm.pbf
node,8363887301,9.3362944,76.8255702,,,,works,,,,,,,industrial-works.osm.pbf
node,8386267420,17.5322733,78.4397529,,,,works,,,,,,,industrial-works.osm.pbf
node,8386267421,17.5318234,78.440029,,,,works,,,,,,,industrial-works.osm.pbf
node,8389224216,17.443216,78.5609606,,,,works,,,,,,,industrial-works.osm.pbf
node,8389264117,17.4436161,78.5618914,,,,works,,,,,,,industrial-works.osm.pbf
node,8389264118,17.4419912,78.560357,,,,works,,,,,,,industrial-works.osm.pbf
node,8389412037,17.4827841,78.4468899,,,,works,,,,,,,industrial-works.osm.pbf
node,8402335089,9.9977755,77.0429358,,,,works,,,,,,,industrial-works.osm.pbf
node,8419783584,9.1034386,76.544212,,,,works,,bricks,,,,,industrial-works.osm.pbf
node,8434344614,11.9783471,75.771015,,,,works,,,,,,,industrial-works.osm.pbf
node,8450016729,10.2005141,76.3018645,,,,works,,,,,,,industrial-works.osm.pbf
node,8452100337,25.559724,85.1244052,,,,works,,tar;graphite,,,,,industrial-works.osm.pbf
node,8452204923,25.5562665,85.1220206,,,,works,,talcum_powder,,,,,industrial-works.osm.pbf
node,8455036203,9.5900763,76.4826468,,,,works,,,,,,,industrial-works.osm.pbf
node,8480878387,12.6134897,78.5589623,,,,works,,,,,,,industrial-works.osm.pbf
node,8485883652,9.0015271,76.5318804,,,,works,,,,,,,industrial-works.osm.pbf
node,8557723233,8.6936009,76.7837872,,,,works,,,,,,,industrial-works.osm.pbf
node,8559592463,11.1734087,75.9022532,,,,works,,oil,,,,,industrial-works.osm.pbf
node,8559592467,11.1735297,75.9015904,,,,works,,ICE,,,,,industrial-works.osm.pbf
node,8564845518,11.1729935,75.8969695,,,,works,,TYRE,,,,,industrial-works.osm.pbf
node,8568430999,9.0211033,76.5991876,,,,works,,,,,,,industrial-works.osm.pbf
node,8568512483,9.0014992,76.5347516,,,,works,,,,,,,industrial-works.osm.pbf
node,8571461417,8.5798071,76.8480787,,,,works,,,,,,,industrial-works.osm.pbf
node,8571589917,10.0640974,78.7866168,,,,works,,,,,,,industrial-works.osm.pbf
node,8573795316,8.4971292,77.0713156,,,,works,,,,,,,industrial-works.osm.pbf
node,8575663236,8.4305373,77.0060865,,,,works,,,,,,,industrial-works.osm.pbf
node,8602688241,8.4345069,77.0506618,,,,works,,,,,,,industrial-works.osm.pbf
node,8602795073,8.4244385,77.0651805,,,,works,,,,,,,industrial-works.osm.pbf
node,8614223517,30.8116519,76.0089058,,,,works,,,,,,,industrial-works.osm.pbf
node,8616702593,12.9766446,80.220998,,,,works,,,,,,,industrial-works.osm.pbf
node,8620783397,29.3739531,76.9683004,,,,works,,,,,,,industrial-works.osm.pbf
node,8672173517,11.1041883,76.0858122,,,,works,,,,,,,industrial-works.osm.pbf
node,8676891917,11.1814444,75.8277259,,,,works,,,,,,,industrial-works.osm.pbf
node,8691250668,8.9504161,76.6430463,,,,works,,,,,,,industrial-works.osm.pbf
node,8714669079,8.9432032,76.7815558,,,,works,,,,,,,industrial-works.osm.pbf
node,8726300018,8.8635413,76.6968269,,,,works,,,,,,,industrial-works.osm.pbf
node,8727366890,9.5905822,76.4877572,,,,works,,rubber_mats,,,,,industrial-works.osm.pbf
node,8730429462,8.8549934,76.7845741,,,,works,,,,,,,industrial-works.osm.pbf
node,8733932819,18.2538469,73.9315214,,,,works,,,,,,,industrial-works.osm.pbf
node,8742718892,10.9150682,76.189856,,,,works,,flour;oil;spices,,,,,industrial-works.osm.pbf
node,8755983136,10.1358861,76.2490215,,,,works,,,,,,,industrial-works.osm.pbf
node,8760221491,8.538704,77.0206836,,,,works,,,,,,,industrial-works.osm.pbf
node,8769461818,11.3090517,75.8248258,,,,works,,,,,,,industrial-works.osm.pbf
node,8772027724,8.5399142,77.0184307,,,,works,,,,,,,industrial-works.osm.pbf
node,8781048443,12.0363473,75.2670828,,,,works,,,,,,,industrial-works.osm.pbf
node,8791437087,8.5052737,76.8985894,,,,works,,oxygen,,,,,industrial-works.osm.pbf
node,8791496162,9.2562662,76.5768877,,,,works,,oxygen,,,,,industrial-works.osm.pbf
node,8791514590,8.9963424,76.5332675,,,,works,,oxygen,,,,,industrial-works.osm.pbf
node,8791522816,9.9725031,76.3880839,,,,works,,oxygen,,,,,industrial-works.osm.pbf
node,8791534665,10.0490531,76.3123999,,,,works,,oxygen,,,,,industrial-works.osm.pbf
node,8791538733,9.4326095,76.5995464,,,,works,,oxygen,,,,,industrial-works.osm.pbf
node,8791544999,10.0758187,76.2964772,,,,works,,oxygen,,,,,industrial-works.osm.pbf
node,8791545376,10.081751,76.3100364,,,,works,,oxygen,,,,,industrial-works.osm.pbf
node,8791546047,9.5494041,76.5304456,,,,works,,oxygen,,,,,industrial-works.osm.pbf
node,8791546177,9.9687885,76.3821069,,,,works,,oxygen,,,,,industrial-works.osm.pbf
node,8791549233,9.9485793,76.2906938,,,,works,,oxygen,,,,,industrial-works.osm.pbf
node,8791550089,9.9857819,76.3673333,,,,works,,oxygen,,,,,industrial-works.osm.pbf
node,8791555265,10.0765011,76.293368,,,,works,,oxygen,,,,,industrial-works.osm.pbf
node,8791555367,10.0495246,76.310378,,,,works,,oxygen,,,,,industrial-works.osm.pbf
node,8791557299,11.2010571,75.8159554,,,,works,,oxygen,,,,,industrial-works.osm.pbf
node,8791560131,10.1561992,76.3519696,,,,works,,oxygen,,,,,industrial-works.osm.pbf
node,8791562987,11.9876164,75.3801208,,,,works,,oxygen,,,,,industrial-works.osm.pbf
node,8791570291,10.7863751,76.7820673,,,,works,,oxygen,,,,,industrial-works.osm.pbf
node,8791571316,10.5367766,76.4468932,,,,works,,oxygen,,,,,industrial-works.osm.pbf
node,8791572494,11.2031157,75.8143308,,,,works,,oxygen,,,,,industrial-works.osm.pbf
node,8791572823,10.6080689,76.1576032,,,,works,,oxygen,,,,,industrial-works.osm.pbf
node,8791574001,10.5327737,76.2189566,,,,works,,oxygen,,,,,industrial-works.osm.pbf
node,8791576590,10.7855093,76.7822016,,,,works,,oxygen,,,,,industrial-works.osm.pbf
node,8791580519,10.7945185,76.7435287,,,,works,,oxygen,,,,,industrial-works.osm.pbf
node,8791592707,10.7934065,76.7722587,,,,works,,oxygen,,,,,industrial-works.osm.pbf
node,8797677297,12.0945432,75.2416824,,,,works,,,,,,,industrial-works.osm.pbf
node,8809213566,8.9502104,76.6533934,,,,works,,,,,,,industrial-works.osm.pbf
node,8824522689,21.2270613,72.8440457,,,,works,,electronics,,,,"Established as a Partnership firm in the year 2019, we “Vidhyut Preran Electricals” are a leading Manufacturer of a wide range of Three Phase Line Choke, Servo Voltage Stabilizer and Electrical Transformer.",industrial-works.osm.pbf
node,8829751993,9.5926165,76.3198942,,,,works,,,,,,,industrial-works.osm.pbf
node,8831440529,11.5702461,76.0536556,,,,works,,tea_powder,,,,,industrial-works.osm.pbf
node,8832005355,10.4360763,76.3806278,,,,works,,,,,,,industrial-works.osm.pbf
node,8833076992,9.9521645,76.410922,,,,works,,,,,,,industrial-works.osm.pbf
node,8833076993,9.9525111,76.4104464,,,,works,,,,,,,industrial-works.osm.pbf
node,8834022653,28.8936463,77.1009379,,,,works,,,,,,,industrial-works.osm.pbf
node,8835934839,9.5901679,76.322926,,,,works,,,,,,,industrial-works.osm.pbf
node,8838482963,9.2946788,76.7320073,,,,works,,bricks;Marbles,,,,,industrial-works.osm.pbf
node,8842388963,8.936366,76.9483223,,,,works,,,,,,,industrial-works.osm.pbf
node,8845742752,10.2075723,76.3631666,,,,works,,,,,,,industrial-works.osm.pbf
node,8846149549,22.3766769,73.119277,,,,works,,,,,,,industrial-works.osm.pbf
node,8848995614,10.6641105,76.6422861,,,,works,,,,,,,industrial-works.osm.pbf
node,8853474853,10.2507632,76.3301604,,,,works,,,,,,,industrial-works.osm.pbf
node,8853925596,9.2600421,76.7431662,,,,works,,,,,,,industrial-works.osm.pbf
node,8857472170,10.3149964,76.3750508,,,,works,,,,,,,industrial-works.osm.pbf
node,8859262744,22.7933657,86.2303591,,,,works,,,,,,,industrial-works.osm.pbf
node,8868045417,10.792819,76.7841604,,,,works,,,,,,,industrial-works.osm.pbf
node,8869247058,10.7583232,76.705569,,,,works,,,,,,,industrial-works.osm.pbf
node,8869440786,9.367232,76.8505073,grinding_mill,,,works,,flour,,,,,industrial-works.osm.pbf
node,8870889032,9.6950163,77.0403226,,,,works,,,,,,,industrial-works.osm.pbf
node,8871279433,11.2196544,75.8082657,,,,works,,,,,,,industrial-works.osm.pbf
node,8880644517,8.9473581,76.6407219,,,,works,,,,,,,industrial-works.osm.pbf
node,8883413862,9.5829237,77.1136831,,,,works,,,,,,,industrial-works.osm.pbf
node,8887310176,8.8300743,76.9187718,,,,works,,,,,,,industrial-works.osm.pbf
node,8889882465,10.3397455,76.2021467,,,,works,,,,,,,industrial-works.osm.pbf
node,8892375917,9.8258388,76.3429781,,,,works,,,,,,,industrial-works.osm.pbf
node,8892521075,12.2208856,75.1580467,,,,works,,,,,,,industrial-works.osm.pbf
node,8892598520,11.1398989,75.8334014,,,,works,,,,,,,industrial-works.osm.pbf
node,8893386217,9.8260679,76.3428145,,,,works,,,,,,,industrial-works.osm.pbf
node,8895402427,8.989248,76.7762701,food_industry,,,works,,food,,,,,industrial-works.osm.pbf
node,8897723968,8.4895249,76.9049784,,,,works,,,,,,,industrial-works.osm.pbf
node,8900363283,12.3227502,75.0945832,,,,works,,,,,,,industrial-works.osm.pbf
node,8909248300,30.836909,76.9693694,,,,works,,cosmetic_products,,,,,industrial-works.osm.pbf
node,8909948278,27.6226265,75.1612927,,,,works,,,,,,,industrial-works.osm.pbf
node,8911722140,10.240839,76.4125847,,,,works,,,,,,,industrial-works.osm.pbf
node,8946804703,12.3302447,75.0857968,,,,works,,,,,,,industrial-works.osm.pbf
node,8977918045,8.331003,77.053586,,,,works,,,,,,,industrial-works.osm.pbf
node,8977918311,8.3202808,77.0635151,,,,works,,,,,,,industrial-works.osm.pbf
node,8983041319,9.6444796,76.5496859,,,,works,,,,,,,industrial-works.osm.pbf
node,8984805143,11.4375526,78.1577259,,,,works,,,,,,,industrial-works.osm.pbf
node,8987498159,8.3226884,77.0744546,,,,works,,,,,,,industrial-works.osm.pbf
node,8987563608,8.3484765,77.0727175,,,,works,,,,,,,industrial-works.osm.pbf
node,8996992087,9.4586892,76.3324006,,,,works,,,,,,,industrial-works.osm.pbf
node,8999029925,11.9035267,75.3680582,,,,works,,,,,,,industrial-works.osm.pbf
node,9001503420,11.0715794,76.1196105,,,,works,,,,,,,industrial-works.osm.pbf
node,9003069223,11.077501,76.1039966,,,,works,,,,,,,industrial-works.osm.pbf
node,9004238618,11.1102339,76.0918666,,,,works,,,,,,,industrial-works.osm.pbf
node,9005915517,11.0879081,76.1385161,,,,works,,,,,,,industrial-works.osm.pbf
node,9006331017,11.0792725,76.1458746,,,,works,,,,,,,industrial-works.osm.pbf
node,9010242103,10.1765829,76.4219756,,,,works,,,,,,,industrial-works.osm.pbf
node,9010296919,10.177878,76.4200764,,,,works,,,,,,,industrial-works.osm.pbf
node,9017482850,8.868607,76.9435432,,,,works,,,,,,,industrial-works.osm.pbf
node,9032432866,22.9418817,88.629246,,,,works,,jute,,,,,industrial-works.osm.pbf
node,9032432891,22.9407656,88.6321109,,,,works,,rice,,,,,industrial-works.osm.pbf
node,9032645325,18.6628455,73.9267572,,,,works,,,,,,,industrial-works.osm.pbf
node,9070820643,33.9989374,74.7924007,,,,works,,diesel_power_generators,,,,,industrial-works.osm.pbf
node,9082929702,11.0667133,75.9409329,,,,works,,,,,,,industrial-works.osm.pbf
node,9083326824,9.158575,76.5346071,,,,works,,hollow_bricks,,,,,industrial-works.osm.pbf
node,9083953021,10.9095919,76.5286874,,,,works,,,,,,,industrial-works.osm.pbf
node,9084098317,9.9302183,76.2672899,,,,works,,,,,,,industrial-works.osm.pbf
node,9085962200,10.9072654,76.5307243,,,,works,,,,,,,industrial-works.osm.pbf
node,9087715222,34.0687329,74.7723114,,,,works,,,,,,,industrial-works.osm.pbf
node,9091827787,34.0017121,74.7945217,,,,works,,packing_material,,,,,industrial-works.osm.pbf
node,9091838631,34.0014497,74.7953646,,,,works,,,,,,,industrial-works.osm.pbf
node,9097706322,9.128283,76.8097072,,,,works,,,,,,,industrial-works.osm.pbf
node,9098626753,34.0008883,74.7960596,,,,works,,,,,,,industrial-works.osm.pbf
node,9098648425,34.0025846,74.7946553,,,,works,,steel_fabrications,,,,,industrial-works.osm.pbf
node,9100225937,34.001025,74.7959072,,,,works,,detergent;soap,,,,,industrial-works.osm.pbf
node,9102643330,34.0001526,74.7965729,,,,works,,,,,,,industrial-works.osm.pbf
node,9104697794,10.3490902,77.9878649,,,,works,,,,,,,industrial-works.osm.pbf
node,9104697796,10.3493601,77.9990632,,,,works,,,,,,,industrial-works.osm.pbf
node,9107044686,8.7658627,76.9567412,,,,works,,,,,,,industrial-works.osm.pbf
node,9107519621,23.2500181,72.5103258,,,,works,,,,,,,industrial-works.osm.pbf
node,9109927438,11.3205591,75.7507638,,,,works,,,,,,,industrial-works.osm.pbf
node,9116895761,34.098326,74.7937611,,,,works,,,,,,,industrial-works.osm.pbf
node,9119328934,13.4432561,80.0970255,,,,works,,,,,,,industrial-works.osm.pbf
node,9121982220,18.6229019,73.8346066,,,,works,,,,,,,industrial-works.osm.pbf
node,9124248071,33.9988824,74.7961989,,,,works,,water_tanks,,,,,industrial-works.osm.pbf
node,9124253113,34.0015817,74.7990584,,,,works,,disposable_items;plastic_cups,,,,,industrial-works.osm.pbf
node,9137628618,10.0871247,76.3056375,,,,works,,,,,,,industrial-works.osm.pbf
node,9137658217,10.0856392,76.305059,,,,works,,,,,,,industrial-works.osm.pbf
node,9137669817,10.085397,76.305867,,,,works,,,,,,,industrial-works.osm.pbf
node,9137669917,10.0875187,76.3053324,,,,works,,,,,,,industrial-works.osm.pbf
node,9137670017,10.0872965,76.303737,,,,works,,,,,,,industrial-works.osm.pbf
node,9140450461,16.5889259,74.299149,,,,works,,,,,,,industrial-works.osm.pbf
node,9141017227,16.6036796,74.4048824,,,,works,,,,,,,industrial-works.osm.pbf
node,9145037803,34.129325,74.8388761,,,,works,,,,,,,industrial-works.osm.pbf
node,9161906589,9.8192043,76.4216141,,,,works,,,,,,,industrial-works.osm.pbf
node,9164148979,10.6727235,76.2617198,,,,works,,,,,,,industrial-works.osm.pbf
node,9171787601,10.8625491,76.1695554,,,,works,,,,,,,industrial-works.osm.pbf
node,9215039105,19.2304512,72.9741979,,,,works,,,,,,,industrial-works.osm.pbf
node,9237009025,14.5889663,79.5092341,,,,works,,rice,,,,,industrial-works.osm.pbf
node,9245033204,9.8457708,76.5851414,,,,works,,,,,,,industrial-works.osm.pbf
node,9285191019,10.1823819,76.3702112,,,,works,,,,,,,industrial-works.osm.pbf
node,9285215417,10.1817603,76.369202,,,,works,,,,,,,industrial-works.osm.pbf
node,9285215517,10.1816196,76.3691965,,,,works,,,,,,,industrial-works.osm.pbf
node,9285250417,10.1816982,76.3686206,,,,works,,,,,,,industrial-works.osm.pbf
node,9285250517,10.1826294,76.3685646,,,,works,,,,,,,industrial-works.osm.pbf
node,9285252619,10.2232331,76.1815772,,,,works,,,,,,,industrial-works.osm.pbf
node,9290539589,33.9995991,74.7956655,,,,works,,,,,,,industrial-works.osm.pbf
node,9290539680,34.0009104,74.7983595,,,,works,,,,,,,industrial-works.osm.pbf
node,9290585585,34.001953,74.795889,,,,works,,wax_products,,,,,industrial-works.osm.pbf
node,9290592944,34.0005003,74.7978768,,,,works,,plyboards,,,,,industrial-works.osm.pbf
node,9310234504,9.4287376,76.5451203,,,,works,,,,,,,industrial-works.osm.pbf
node,9332651733,8.3646244,77.1380794,,,,works,,,,,,,industrial-works.osm.pbf
node,9337595928,10.1287084,76.4684811,,,,works,,furniture,,,,Veneer and plywood manufacturers,industrial-works.osm.pbf
node,9343752008,17.0403023,79.4136496,,,,works,,,,,,,industrial-works.osm.pbf
node,9355755833,18.8734196,79.4273912,,,,works,,,,,,,industrial-works.osm.pbf
node,9355755834,18.8830685,79.4275059,,,,works,,,,,,,industrial-works.osm.pbf
node,9370061077,17.5129177,79.2907441,,,,works,,,,,,,industrial-works.osm.pbf
node,9370063042,17.5099148,79.2920005,,,,works,,,,,,,industrial-works.osm.pbf
node,9375944863,9.9518118,76.3511383,,,,works,,oil,,,,,industrial-works.osm.pbf
node,9444994985,24.7962536,93.8839766,,,,works,,,,,,Metal Fabrication,industrial-works.osm.pbf
node,9459704177,9.9100181,76.6667094,,,,works,,,,,,,industrial-works.osm.pbf
node,9462019028,16.3909185,80.9978723,,,,works,,,,,,,industrial-works.osm.pbf
node,9470355517,20.2312485,78.9751649,,,,works,,,,,,,industrial-works.osm.pbf
node,9470355617,20.2329176,78.9724462,,,,works,,,,,,,industrial-works.osm.pbf
node,9470583417,20.2328314,78.9776835,,,,works,,,,,,,industrial-works.osm.pbf
node,9472134908,10.0440511,76.4041913,,,,works,,corrugated_carton_boxes;paper_packing_boxes;carton_boxes,,,,"“K.G.Packers” is a Sole Proprietorship based entity,
headquartered at Ernakulam, Kerala with well-equipped facilities of manpower and machineries. Since 1999,  Manufacturer and offering a flawless range of Corrugated box and Roll, Plain And Printed boxes",industrial-works.osm.pbf
node,9473153795,22.5791337,88.4667589,,,,works,,,,,,,industrial-works.osm.pbf
node,9523767679,9.2006201,76.5268485,,,,works,,,,,,,industrial-works.osm.pbf
node,9529456969,10.7583362,75.9295196,,,,works,,,,,,,industrial-works.osm.pbf
node,9529456971,10.7583188,75.9290577,,,,works,,,,,,,industrial-works.osm.pbf
node,9562270615,28.5363177,77.3952322,,,,works,,,,,,,industrial-works.osm.pbf
node,9580798040,33.9775021,74.9803802,,,,works,,,,,,,industrial-works.osm.pbf
node,9580799925,33.999296,74.793428,,,,works,,,,,,,industrial-works.osm.pbf
node,9580809717,34.0013518,74.7989088,,,,works,,iron_nails,,,,,industrial-works.osm.pbf
node,9593158014,33.9972367,74.7971717,,,,works,,chemicals,,,,,industrial-works.osm.pbf
node,9606272119,33.9987032,74.7954783,,,,works,,,,,,,industrial-works.osm.pbf
node,9606273072,34.0004697,74.7952677,,,,works,,,,,,,industrial-works.osm.pbf
node,9609134653,34.0008865,74.7975922,,,,works,,iron,,,,Iron Industries,industrial-works.osm.pbf
node,9609197315,33.9997924,74.7947988,,,,works,,,,,,,industrial-works.osm.pbf
node,9609205854,33.9998829,74.7961905,,,,works,,,,,,Steel fabricators,industrial-works.osm.pbf
node,9609209793,33.999404,74.793906,,,,works,,,,,,Steel fabricators,industrial-works.osm.pbf
node,9610449421,33.9972886,74.7925095,,,,works,,,,,,,industrial-works.osm.pbf
node,9610453392,33.9996658,74.7986173,,,,works,,,,,,,industrial-works.osm.pbf
node,9610461481,34.0000049,74.79747,,,,works,,,,,,,industrial-works.osm.pbf
node,9610479259,34.0020259,74.7996133,,,,works,,iron_tubular_poles,,,,,industrial-works.osm.pbf
node,9610486213,33.9968026,74.7966215,,,,works,,mechanical_parts;industrial_goods,,,,,industrial-works.osm.pbf
node,9610513441,34.0013971,74.7968896,,,,works,,,,,,Steel fabricators,industrial-works.osm.pbf
node,9613403411,34.0023998,74.7957627,,,,works,,chain_link;bending_wire,,,,,industrial-works.osm.pbf
node,9613429759,33.9988382,74.7931151,,,,works,,,,,,,industrial-works.osm.pbf
node,9613430703,33.9989667,74.7929407,,,,works,,,,,,,industrial-works.osm.pbf
node,9620191426,33.9980342,74.7971652,,,,works,,,,,,,industrial-works.osm.pbf
node,9621126463,33.9981787,74.7962722,,,,works,,,,,,,industrial-works.osm.pbf
node,9621138334,33.9976408,74.796613,,,,works,,electrical_machinery,,,,,industrial-works.osm.pbf
node,9621212499,33.9965999,74.7956985,,,,works,,steel_products;gi_sheets,,,,Tetrashine Roofing Sheets,industrial-works.osm.pbf
node,9622820672,33.9970161,74.7955285,,,,works,,oxygen;industrial_gases,,,,,industrial-works.osm.pbf
node,9622820673,34.000177,74.7952418,,,,works,,bottled_water,,,,Water bottling plant,industrial-works.osm.pbf
node,9622853347,33.9971005,74.7923676,,,,works,,,,,,,industrial-works.osm.pbf
node,9627139951,16.0908414,80.1613576,,,,works,,,,,,,industrial-works.osm.pbf
node,9632871825,22.9997873,72.6368809,,,,works,,,,,,,industrial-works.osm.pbf
node,9651932006,33.9990204,74.7915652,,,,works,,,,,,shawls,industrial-works.osm.pbf
node,9658966178,34.0016698,74.7956071,,,,works,,,,,,,industrial-works.osm.pbf
node,9676101702,11.3256426,77.6276576,,,,works,,yarn,,,,,industrial-works.osm.pbf
node,9684162643,34.001532,74.7947647,,,,works,,,,,,,industrial-works.osm.pbf
node,9704706480,33.9989591,74.7918261,,,,works,,ht/lt_transforms,,,,,industrial-works.osm.pbf
node,9704706481,33.9986974,74.7917505,,,,works,,snacks;sweets;salty_confectionary;food,,,,,industrial-works.osm.pbf
node,9704706483,33.9986844,74.7922409,,,,works,,aluminum_fabrications,,,,,industrial-works.osm.pbf
node,9704706484,33.9997594,74.7924523,,,,works,,carry_bags,,,,,industrial-works.osm.pbf
node,9704922740,34.0011537,74.7926196,,,,works,,sweets;food,,,,,industrial-works.osm.pbf
node,9704922741,34.0014828,74.7927859,,,,works,,aluminum_fabrications;doors_&_windows,,,,,industrial-works.osm.pbf
node,9704922743,34.002828,74.7946583,,,,works,,poles;pickets;steel_fabrications;trusses,,,,,industrial-works.osm.pbf
node,9704922746,34.0028825,74.7956098,,,,works,,power loom weavings,,,,,industrial-works.osm.pbf
node,9705023039,34.0025466,74.7960231,,,,works,,polish_oil;brake_oil;chemical_oil,,,,,industrial-works.osm.pbf
node,9718244743,34.0019981,74.7972722,,,,works,,,,,,,industrial-works.osm.pbf
node,9718251735,34.0019005,74.7969535,,,,works,,,,,,,industrial-works.osm.pbf
node,9719683457,34.0019137,74.7949166,,,,works,,food;wazwan;local_cuisine,,,,,industrial-works.osm.pbf
node,9719683459,34.0021385,74.7952832,,,,works,,mattress;pillows;quilts;comforters,,,,,industrial-works.osm.pbf
node,9751721817,34.0010093,74.7989221,,,,works,,paper_card_boards,,,,,industrial-works.osm.pbf
node,9753938118,34.0009809,74.799371,,,,works,,pvc_cables;pvc_condutors,,,,,industrial-works.osm.pbf
node,9753938120,34.0006454,74.7992175,,,,works,,food;ice_cream,,,,,industrial-works.osm.pbf
node,9753938121,34.0019612,74.7990959,,,,works,,cement_tiles;rcc_span_pipes,,,,,industrial-works.osm.pbf
node,9760881882,11.3969184,78.1614083,,,,works,,,,,,,industrial-works.osm.pbf
node,9765503977,12.0946804,75.1940721,,,,works,,oil,,,,,industrial-works.osm.pbf
node,9768712033,17.2748192,78.5928861,,,,works,,biscuits,,,,,industrial-works.osm.pbf
node,9768715221,16.239092,80.6302628,,,,works,,,,,,,industrial-works.osm.pbf
node,9768821651,16.3451286,80.6248587,,,,works,,,,,,,industrial-works.osm.pbf
node,9789550003,21.1269318,79.0064174,,,,works,,steel_products;metal;bright_bar,,,,"Manufacturers, Stockist & Suppliers Of :
Mild Steel, Carbon Steel, Alloy Steel and Stainless-Steel Bright Bar in Round, Hexagonal, Square and Flat Shapes.
Stainless Steel, Alloy Steel, Carbon Steel, Tool Steel, Die Steel, Mild Steel, Bright Bars, Ferrous",industrial-works.osm.pbf
node,9816821450,26.2745882,88.2112701,,,,works,yes,,,,,,industrial-works.osm.pbf
node,9855909594,9.9798568,76.6013996,,,,works,,sawmill,,,,,industrial-works.osm.pbf
node,9855936079,9.9810667,76.6024537,,,,works,,cement_bricks,,,,,industrial-works.osm.pbf
node,9869465486,15.942119,78.546854,,,,works,,,,,,,industrial-works.osm.pbf
node,9870119632,16.5152596,77.9339115,,,,works,,,,,,,industrial-works.osm.pbf
node,9870119698,16.5076632,77.9308303,,,,works,,,,,,,industrial-works.osm.pbf
node,9885004011,17.5153727,78.4627336,,,,works,,,,,,,industrial-works.osm.pbf
node,9929111804,18.0986815,79.3383295,,,,works,,,,,,,industrial-works.osm.pbf
node,9956333046,30.5341921,75.5715933,,,,works,,steel_products;manufacturing,,,,,industrial-works.osm.pbf
node,9961291891,19.9188822,79.1131878,,,,works,,,,,,,industrial-works.osm.pbf
node,10015635629,27.0385179,75.8984643,,,,works,,,,,,,industrial-works.osm.pbf
node,10027636949,8.9363004,76.7804621,,,,works,,cashew,,,,,industrial-works.osm.pbf
node,10115802323,10.1321949,77.1033021,,,,works,,food,,,,,industrial-works.osm.pbf
node,10201038174,25.6930307,85.2424517,,,,works,,beer,,,,,industrial-works.osm.pbf
node,10201212027,11.2967251,76.0017553,,,,works,,,,,,,industrial-works.osm.pbf
node,10201212773,11.300929,76.000865,,,,works,,slipper,,,,,industrial-works.osm.pbf
node,10203238956,11.4139105,78.158789,,,,works,,,,,,,industrial-works.osm.pbf
node,10223370519,25.1823559,93.0158028,,,,works,,,,,,,industrial-works.osm.pbf
node,10228035994,28.4918112,77.3030891,,,,works,,,,,,,industrial-works.osm.pbf
node,10247368740,25.5955536,85.2239444,,,,works,,,,,,,industrial-works.osm.pbf
node,10264604854,23.8823441,91.3629783,,,,works,,,,,,,industrial-works.osm.pbf
node,10268892649,23.2354201,91.3112861,,,,works,,,,,,,industrial-works.osm.pbf
node,10268909947,23.2346347,91.3113056,,,,works,,,,,,,industrial-works.osm.pbf
node,10269357720,22.9775239,72.6342269,,,,works,,foundry_chemicals;foundry_fluxes;refractory_paint;refractory_chemicals,,,,,industrial-works.osm.pbf
node,10280180716,12.9375117,76.1279114,,,,works,,bricks,,,,,industrial-works.osm.pbf
node,10284275422,23.3450146,91.2644418,,,,works,,,,,,,industrial-works.osm.pbf
node,10284613604,28.3673354,77.3019004,,,,works,,metal,,,,,industrial-works.osm.pbf
node,10285432368,15.823188,74.4918419,,,,works,,,,,,,industrial-works.osm.pbf
node,10288952024,23.3830991,91.2390145,,,,works,,,,,,,industrial-works.osm.pbf
node,10536537916,11.6786046,78.2101791,,,,works,,cotton,,,,,industrial-works.osm.pbf
node,10542618526,26.4536694,80.2839615,,,,works,,plastic,,,,,industrial-works.osm.pbf
node,10565766107,10.5124541,76.2562781,,,,works,,oil;flour,,,,,industrial-works.osm.pbf
node,10567105067,28.6085816,78.4145827,,,,works,,oil;produce,,,,,industrial-works.osm.pbf
node,10585906708,25.8577271,84.7821934,,,,works,,bricks;red_bricks;fly_ash_bricks;fly_ash,,,,"A1 ब्रिक्स उद्योग - दीवार जो सदियों चले      हम छपरा, बिहार के एक प्रमुख लाल ईंट निर्माता हैं और अपनी श्रेष्ठ गुणवत्ता💪 वाली लाल ईंटों के लिए जाने जाते हैं। हमें लाल ईंट के निर्माण में 30 वर्षों से अधिक का अनुभव है।",industrial-works.osm.pbf
node,10594092417,28.8330245,78.8164151,,,,works,,steel_products;cutlery;handicrafts;barwareproducts;exporter,,,,,industrial-works.osm.pbf
node,10603448368,16.4278549,74.2924787,,,,works,,,,,,,industrial-works.osm.pbf
node,10699380298,25.1211711,82.59053,,,,works,,chainlink_fencing;barbed_wire;concrete_pole;fencing,,,,,industrial-works.osm.pbf
node,10716107751,18.5959173,73.7256859,,,,works,,,,,,,industrial-works.osm.pbf
node,10716717343,10.5102568,76.258175,machine_shop,,,works,,furniture,,,,,industrial-works.osm.pbf
node,10720675003,15.7742845,74.4694834,,,,works,,machinery;strainers;valves,,,,,industrial-works.osm.pbf
node,10725756392,18.6013217,73.8257656,,,,works,,,,,,,industrial-works.osm.pbf
node,10761294273,22.1087947,80.7294248,,,,works,,,,,,,industrial-works.osm.pbf
node,10761763079,11.056641,76.91214,,,,works,,,,,,,industrial-works.osm.pbf
node,10762351469,10.1788094,76.3735895,,,,works,,,,,,,industrial-works.osm.pbf
node,10764850094,17.0796354,78.211453,,,,works,,furniture,,,,,industrial-works.osm.pbf
node,10792784562,11.9405098,79.7846972,,,,works,,,,,,,industrial-works.osm.pbf
node,10793826874,26.4515362,74.6481863,,,,works,,dayal_bidi,,,,,industrial-works.osm.pbf
node,10796176160,11.0924711,77.3088241,,,,works,,clothes,,,,,industrial-works.osm.pbf
node,10801484169,22.8060377,70.8208285,,,,works,,,,,,,industrial-works.osm.pbf
node,10803647630,12.9296325,79.34278,,,,works,,,,,,,industrial-works.osm.pbf
node,10803647635,12.9287991,79.3461431,,,,works,,,,,,,industrial-works.osm.pbf
node,10804685542,12.927897,79.3474926,,,,works,,,,,,,industrial-works.osm.pbf
node,10804685543,12.9281711,79.3469128,,,,works,,,,,,,industrial-works.osm.pbf
node,10806702558,18.429999,79.1486225,,,,works,,,,,,,industrial-works.osm.pbf
node,10806702574,18.4569517,79.1636603,,,,works,,,,,,,industrial-works.osm.pbf
node,10807239592,18.9759622,74.0918108,,,,works,,,,,,,industrial-works.osm.pbf
node,10809865644,17.3740708,78.5663256,,,,works,,,,,,,industrial-works.osm.pbf
node,10813981776,12.9301715,79.343873,,,,works,,,,,,,industrial-works.osm.pbf
node,10817244975,17.3639494,78.5221738,,,,works,,,,,,,industrial-works.osm.pbf
node,10817766879,12.8249287,80.2130512,,,,works,,electronics;electrical;gps_ntp_server;energy_meter_reading_instrument,,,,,industrial-works.osm.pbf
node,10818098915,17.4053346,78.5461805,,,,works,,,,,,,industrial-works.osm.pbf
node,10819033703,18.1425056,78.8105425,,,,works,,,,,,,industrial-works.osm.pbf
node,10819200065,17.3759473,78.5324639,,,,works,,,,,,,industrial-works.osm.pbf
node,10821098280,17.3537542,78.5594234,,,,works,,,,,,,industrial-works.osm.pbf
node,10822899902,33.9924731,74.9135023,,,,works,,,,,,,industrial-works.osm.pbf
node,10823071230,17.1329035,78.4402582,,,,works,,beer,,,,,industrial-works.osm.pbf
node,10824050401,26.4822619,80.3376007,,,,works,,offset_printing;packaging;graphic_design,,,,,industrial-works.osm.pbf
node,10832230218,20.8186075,78.9515673,,,,works,,,,,,,industrial-works.osm.pbf
node,10852518962,29.399201,76.9517085,,,,works,,bags,,,,,industrial-works.osm.pbf
node,10858058549,34.0115962,74.9006723,,,,works,,,,,,,industrial-works.osm.pbf
node,10887472967,9.517724,76.5240323,,,,works,,,,,,,industrial-works.osm.pbf
node,10889625664,22.9612311,72.6382711,,,,works,,tanks;scrubbers;blowers;waste_water_treatment_plants;etp_machineries;stp_machineries;composite;frp,,,,"We are the manufacturer of equipments out of composite materials. We design and manufacture products such as tanks, vessels, heat exchangers, scrubbers, blowers, pipes and fittings, Agitators, Filters. we are known for investment in technology which resu",industrial-works.osm.pbf
node,10901448354,12.9503335,79.3191955,,,,works,,,,,,,industrial-works.osm.pbf
node,10907101682,10.1539967,76.5227872,,,,works,,,,,,,industrial-works.osm.pbf
node,10907223216,10.1616428,76.5241767,,,,works,,,,,,,industrial-works.osm.pbf
node,10907237349,10.1702761,76.5225145,,,,works,,,,,,,industrial-works.osm.pbf
node,10915229179,30.2317109,74.7912469,,,,works,,farming_tools,,,,,industrial-works.osm.pbf
node,10928993764,33.834971,75.0662822,,,,works,,,,,,"GR8 Sports Private limited is an ICC (International Cricket Council) Approved & ISO 9001:2015 Certified Sports Goods Manufacturing & Exporting Company of Kashmir. We are proudly associated and affiliated with the ICC Cricket Academy, MCC Marylebone Crick",industrial-works.osm.pbf
node,10939758192,28.7521263,77.1618505,,,,works,residential,,,,,,industrial-works.osm.pbf
node,10951466216,12.8413058,79.9675675,,,,works,,styrofoam;thermocol;eps;packaging,,,,Thermocol / Styrofoam manufacturer and Supplier,industrial-works.osm.pbf
node,10957002285,16.9417934,81.8324947,,,,works,,hair_wig;hair_extension,,,,,industrial-works.osm.pbf
node,10960407387,22.6387871,88.4254562,,,,works,,,,,,,industrial-works.osm.pbf
node,10960946427,16.8550957,79.5902699,,,,works,,,,,,,industrial-works.osm.pbf
node,10971227714,17.7132973,77.5564042,,,,works,,agro_chemical,,,,,industrial-works.osm.pbf
node,10978930818,21.5994168,70.4620939,,,,works,,food;groundnut,,,,,industrial-works.osm.pbf
node,10983738991,34.0503082,74.7889167,,,,works,,,,,,,industrial-works.osm.pbf
node,10989528395,28.7443758,77.1538854,,,,works,,tandoor,,,,,industrial-works.osm.pbf
node,11004539753,12.8740662,80.2264459,,,,works,,,,,,,industrial-works.osm.pbf
node,11013496985,30.1821945,78.231986,,,,works,,food;training;ice_cream_factory;pickle_factory;csc;dairy;computer_training_center,,,,,industrial-works.osm.pbf
node,11017617729,14.699083,79.9785393,,,,works,industrial,,,,,,industrial-works.osm.pbf
node,11021593710,28.7476917,77.1645738,,,,works,,machinery,,,,,industrial-works.osm.pbf
node,11033658940,26.7326465,91.7925713,,,,works,,tea,,,,,industrial-works.osm.pbf
node,11042866896,16.9957843,73.3298395,,,,works,,clothes,,,,,industrial-works.osm.pbf
node,11047489296,22.9408431,70.8996114,,,,works,,tiles;ceramic_tiles;walltiles;digital_wall_tiles;100%_waterproof_tiles;aqsaceramic_tiles;india's_largest_prodcution_of_walltiles;indan_walltiles;india_tiles;30x45cm_walltiles;300x45mm_walltiles;waterproof_tiles,,,,,industrial-works.osm.pbf
node,11047602105,28.0874802,76.5786672,,,,works,,,,,,,industrial-works.osm.pbf
node,11052218305,32.2084297,76.3089899,,,,works,,,,,,,industrial-works.osm.pbf
node,11061123768,18.6175723,73.8414059,,,,works,,,,,,,industrial-works.osm.pbf
node,11072772076,9.9266691,76.3037193,,,,works,,,,,,,industrial-works.osm.pbf
node,11081775012,12.9605518,80.1317647,,,,works,,clothes,,,,,industrial-works.osm.pbf
node,11081775013,12.9605962,80.1308603,,,,works,,,,,,,industrial-works.osm.pbf
node,11084906489,16.9586078,82.2636174,,,,works,,beer,,,,,industrial-works.osm.pbf
node,11101015559,22.4233227,73.1152013,,,,works,,,,,,,industrial-works.osm.pbf
node,11150049106,22.9540012,70.8995791,,,,works,,,,,,,industrial-works.osm.pbf
node,11166945278,11.1517872,77.2003912,,,,works,,cottons,,,,,industrial-works.osm.pbf
node,11168877284,23.095094,70.0534016,,,,works,,,,,,,industrial-works.osm.pbf
node,11178186996,12.9584737,77.5596721,,,,works,,,,,,,industrial-works.osm.pbf
node,11199369013,22.8065876,70.8216057,,,,works,,,,,,,industrial-works.osm.pbf
node,11211019543,18.4205756,76.5378186,,,,works,,,,,,,industrial-works.osm.pbf
node,11212808450,18.4115465,76.5474532,,,,works,,,,,,,industrial-works.osm.pbf
node,11222235675,9.9573918,76.2937423,,,,works,,,,,,,industrial-works.osm.pbf
node,11224960166,10.3117042,76.2298775,,,,works,,,,,,,industrial-works.osm.pbf
node,11224967260,10.3114463,76.2299153,,,,works,,,,,,,industrial-works.osm.pbf
node,11254376543,28.6334253,77.4659834,,,,works,,,,,,,industrial-works.osm.pbf
node,11285657741,33.9998725,74.7980185,,,,works,,,,,,,industrial-works.osm.pbf
node,11288529453,9.9596892,76.3005521,,,,works,,,,,,,industrial-works.osm.pbf
node,11290027320,10.8873688,78.0065557,,,,works,,,,,,,industrial-works.osm.pbf
node,11290051412,10.8867126,78.0067912,,,,works,,,,,,,industrial-works.osm.pbf
node,11290051413,10.8873165,78.0069144,,,,works,,,,,,,industrial-works.osm.pbf
node,11290081853,10.886516,78.010203,,,,works,,,,,,,industrial-works.osm.pbf
node,11290081854,10.88732,78.0094551,,,,works,,,,,,,industrial-works.osm.pbf
node,11290081855,10.8873336,78.0082166,,,,works,,,,,,,industrial-works.osm.pbf
node,11290081856,10.8866103,78.0081389,,,,works,,,,,,,industrial-works.osm.pbf
node,11290081857,10.886664,78.007484,,,,works,,,,,,,industrial-works.osm.pbf
node,11290081858,10.8873614,78.0075322,,,,works,,,,,,,industrial-works.osm.pbf
node,11290112387,10.8889762,78.0077059,,,,works,,,,,,,industrial-works.osm.pbf
node,11290112388,10.8888869,78.0084546,,,,works,,,,,,,industrial-works.osm.pbf
node,11306911639,34.0010615,74.7938448,,,,works,,,,,,,industrial-works.osm.pbf
node,11353484752,25.5159848,90.1847022,,,,works,,beer,,,,,industrial-works.osm.pbf
node,11358406930,26.7003141,94.4295108,,,,works,,,,,,,industrial-works.osm.pbf
node,11359561480,17.91089,83.1978917,,,,works,,,,,,,industrial-works.osm.pbf
node,11359561493,17.9078024,83.1946584,,,,works,,,,,,,industrial-works.osm.pbf
node,11359561505,17.9086524,83.1948174,,,,works,,,,,,,industrial-works.osm.pbf
node,11359561547,17.9086341,83.1929039,,,,works,,,,,,,industrial-works.osm.pbf
node,11359561558,17.9086145,83.1920672,,,,works,,,,,,,industrial-works.osm.pbf
node,11359705986,10.9339482,75.9130778,,,,works,,flour,,,,,industrial-works.osm.pbf
node,11364439852,27.0642645,88.4707791,,,,works,,,,,,,industrial-works.osm.pbf
node,11366033880,30.4085344,76.6694441,,,,works,,,,,,,industrial-works.osm.pbf
node,11384605415,19.0051691,72.8365971,,,,works,,,,,,,industrial-works.osm.pbf
node,11394786359,19.075167,72.883029,,,,works,,clothes;fabrics,,,,,industrial-works.osm.pbf
node,11395510875,19.1992139,73.0961983,,,,works,,,,,,,industrial-works.osm.pbf
node,11406465064,10.0865054,78.8548767,,,,works,,Rice,,,,,industrial-works.osm.pbf
node,11417499115,24.6198457,82.7878123,,,,works,,food,,,,,industrial-works.osm.pbf
node,11431615424,19.0071547,83.7851988,,,,works,,,,,,,industrial-works.osm.pbf
node,11463434860,13.6309464,79.4697421,,,,works,,,,,,,industrial-works.osm.pbf
node,11465305725,16.932638,81.925673,,,,works,,,,,,,industrial-works.osm.pbf
node,11478631354,10.088918,78.8548481,,,,works,,Paver Block,,,,,industrial-works.osm.pbf
node,11479008961,16.7097272,80.3452544,,,,works,,,,,,,industrial-works.osm.pbf
node,11483601087,16.9347979,81.9300351,,,,works,,,,,,,industrial-works.osm.pbf
node,11485643134,17.6309353,77.9065263,,,,works,,machinery,,,,,industrial-works.osm.pbf
node,11485643135,17.6327757,77.9126632,,,,works,,bricks,,,,,industrial-works.osm.pbf
node,11485643151,17.8427607,78.070828,,,,works,,bricks,,,,,industrial-works.osm.pbf
node,11485698718,17.7344699,78.4728076,,,,works,,furniture,,,,,industrial-works.osm.pbf
node,11485698719,17.7527226,78.4719512,,,,works,,machinery,,,,,industrial-works.osm.pbf
node,11485698721,17.7720953,78.4715718,,,,works,,,,,,,industrial-works.osm.pbf
node,11489738638,17.445724,78.605719,,,,works,,,,,,,industrial-works.osm.pbf
node,11489738639,17.453844,78.6089301,,,,works,,,,,,,industrial-works.osm.pbf
node,11489738640,17.4538778,78.5953528,,,,works,,,,,,,industrial-works.osm.pbf
node,11489738654,17.4560899,78.5967765,,,,works,,,,,,,industrial-works.osm.pbf
node,11489955283,17.4646491,78.6029013,,,,works,,,,,,,industrial-works.osm.pbf
node,11489955294,17.4732241,78.6042197,,,,works,,,,,,,industrial-works.osm.pbf
node,11489955466,17.5302857,78.5246663,,,,works,,,,,,,industrial-works.osm.pbf
node,11489987505,17.5505521,78.324184,,,,works,,beer,,,,,industrial-works.osm.pbf
node,11491084279,8.9457295,76.7038887,,,,works,,beer,,,,,industrial-works.osm.pbf
node,11504844494,17.9064655,83.1949016,,,,works,,,,,,,industrial-works.osm.pbf
node,11506493514,22.7246571,78.3575092,,,,works,,rice;basmati_rice,,,,Manufacturer of Basmati Rice.,industrial-works.osm.pbf
node,11506586496,22.7240912,78.3590039,,,,works,,food;agriculture;agriculture_products,,,,,industrial-works.osm.pbf
node,11508111594,22.7204046,78.3587598,,,,works,,rice;flour,,,,,industrial-works.osm.pbf
node,11508564213,13.6105686,77.7761542,,,,works,,manufactured_sand;plastering_sand;aggregates,,,,,industrial-works.osm.pbf
node,11508767708,26.4082655,90.2444408,,,,works,,,,,,,industrial-works.osm.pbf
node,11510080239,22.7218511,78.3602614,,,,works,,rice,,,,,industrial-works.osm.pbf
node,11510095338,22.7243726,78.3583146,,,,works,,,,,,,industrial-works.osm.pbf
node,11521800237,13.0002656,80.0079605,,,,works,,ball_joints;suspension_components,,,,,industrial-works.osm.pbf
node,11521816744,18.0891829,73.9859821,,,,works,,bearings;wheel_hubs,,,,,industrial-works.osm.pbf
node,11573025054,34.0018183,74.7965845,,,,works,,,,,,,industrial-works.osm.pbf
node,11573059531,34.0018714,74.7975131,,,,works,,,,,,,industrial-works.osm.pbf
node,11573081794,33.927026,75.1175375,,,,works,,,,,,,industrial-works.osm.pbf
node,11576245278,30.3310054,76.397464,,,,works,,,,,,,industrial-works.osm.pbf
node,11591600566,22.7237621,78.3592305,,,,works,,,,,,,industrial-works.osm.pbf
node,11591645571,22.7228399,78.3589314,,,,works,,food,,,,,industrial-works.osm.pbf
node,11591645593,22.7236967,78.3610827,,,,works,,rice,,,,,industrial-works.osm.pbf
node,11593546430,27.1318479,88.2837376,,,,works,,,,,,,industrial-works.osm.pbf
node,11629535876,20.0591526,86.0918743,,,,works,,food,,,,,industrial-works.osm.pbf
node,11638305657,22.4490556,80.3462893,,,,works,,,,,,,industrial-works.osm.pbf
node,11638305701,22.4718175,80.3638588,,,,works,,,,,,,industrial-works.osm.pbf
node,11647371223,17.7060215,83.2064871,,,,works,,,,,,,industrial-works.osm.pbf
node,11652701133,21.6125515,73.027058,,,,works,,cooling_tower,,,,,industrial-works.osm.pbf
node,11656269190,26.6622575,85.6482522,,,,works,,machinery clothes;packaging;food,,,,DEI office and manufacturing unit,industrial-works.osm.pbf
node,11668482853,20.0387665,86.1287969,,,,works,,rice,,,,,industrial-works.osm.pbf
node,11687957974,28.8265908,77.5682731,,,,works,,beer,,,,,industrial-works.osm.pbf
node,11687957975,28.8271769,77.5683709,,,,works,,beer,,,,,industrial-works.osm.pbf
node,11688366141,24.813318,85.0245484,,,,works,,,,,,,industrial-works.osm.pbf
node,11690497208,24.8108112,85.0262781,,,,works,,,,,,,industrial-works.osm.pbf
node,11690526581,24.8132627,85.0245309,,,,works,,,,,,,industrial-works.osm.pbf
node,11690526582,24.8132578,85.0248824,,,,works,,clothes,,,,,industrial-works.osm.pbf
node,11690526654,24.8118789,85.0257499,,,,works,,,,,,,industrial-works.osm.pbf
node,11690526656,24.8119539,85.0257739,,,,works,,,,,,,industrial-works.osm.pbf
node,11690526660,24.81192,85.0263607,,,,works,,,,,,,industrial-works.osm.pbf
node,11690526661,24.8110726,85.0252339,,,,works,,,,,,,industrial-works.osm.pbf
node,11690526662,24.8109658,85.025068,,,,works,,,,,,,industrial-works.osm.pbf
node,11690526663,24.8107995,85.0251696,,,,works,,,,,,,industrial-works.osm.pbf
node,11690526664,24.8106725,85.0249182,,,,works,,,,,,,industrial-works.osm.pbf
node,11690526665,24.8108313,85.0248561,,,,works,,,,,,,industrial-works.osm.pbf
node,11690991581,13.8299596,79.4008615,,,,works,,,,,,,industrial-works.osm.pbf
node,11690991582,13.8354485,79.4004467,,,,works,,,,,,,industrial-works.osm.pbf
node,11691324184,26.0166117,76.3424867,,,,works,,,,,,,industrial-works.osm.pbf
node,11691627922,20.8109695,70.6910137,,,,works,,,,,,,industrial-works.osm.pbf
node,11693042557,28.6577793,77.4545042,,,,works,,,,,,,industrial-works.osm.pbf
node,11693317382,26.3575212,90.0947769,,,,works,,,,,,,industrial-works.osm.pbf
node,11697361830,28.657292,77.4564315,,,,works,,,,,,,industrial-works.osm.pbf
node,11697434758,28.656702,77.4557592,,,,works,,,,,,,industrial-works.osm.pbf
node,11697458847,28.6586553,77.4572678,,,,works,,,,,,,industrial-works.osm.pbf
node,11697458885,28.657238,77.4561815,,,,works,,,,,,,industrial-works.osm.pbf
node,11697459894,28.6556372,77.4539637,,,,works,,,,,,,industrial-works.osm.pbf
node,11697462786,28.6567919,77.4566816,,,,works,,,,,,,industrial-works.osm.pbf
node,11697483417,27.8599089,75.6853154,,,,works,,,,,,,industrial-works.osm.pbf
node,11697496760,28.6577812,77.4571325,,,,works,,,,,,,industrial-works.osm.pbf
node,11697651133,28.7358805,77.2898996,,,,works,,,,,,,industrial-works.osm.pbf
node,11698020410,26.0950391,76.4641542,,,,works,,,,,,,industrial-works.osm.pbf
node,11698020438,26.0959495,76.462286,,,,works,,,,,,,industrial-works.osm.pbf
node,11698050895,28.5047341,77.2766133,,,,works,,,,,,,industrial-works.osm.pbf
node,11698435145,19.1138883,72.8988006,,,,works,,beer,,,,,industrial-works.osm.pbf
node,11698620524,25.2578741,82.9905237,,,,works,,,,,,,industrial-works.osm.pbf
node,11717322082,28.1068465,79.1181647,,,,works,,,,,,,industrial-works.osm.pbf
node,11718351092,28.0808462,79.133683,,,,works,,,,,,,industrial-works.osm.pbf
node,11718394718,28.0677372,79.1326549,,,,works,,,,,,,industrial-works.osm.pbf
node,11733554339,9.66111,77.8723911,,,,works,,,,,,ROPE Home Decor & Lifestyle,industrial-works.osm.pbf
node,11747192595,18.0578589,83.3618727,,,,works,,,,,,,industrial-works.osm.pbf
node,11765535941,17.5718042,78.4251105,,,,works,,food;lime,,,,manufacters of golisoda & water bottels,industrial-works.osm.pbf
node,11766114865,18.5897929,84.0499555,,,,works,,glucose;drink;glucode_drink;srk_jucicy;star_gluco;star_mango,,,,,industrial-works.osm.pbf
node,11766137518,18.589809,84.0498216,,,,works,,oil;rice,,,,,industrial-works.osm.pbf
node,11770037967,9.9960614,76.4208269,,,,works,,,,,,,industrial-works.osm.pbf
node,11770037968,9.996026,76.421034,,,,works,,,,,,,industrial-works.osm.pbf
node,11771532539,13.8434651,79.8648564,,,,works,,,,,,,industrial-works.osm.pbf
node,11775749719,17.0849528,82.0868741,,,,works,,,,,,,industrial-works.osm.pbf
node,11779915510,12.2770804,76.6445855,,,,works,,,,,,,industrial-works.osm.pbf
node,11817563576,17.1651742,74.2455298,,,,works,,,,,,,industrial-works.osm.pbf
node,11835189072,19.2114556,75.763458,,,,works,,,,,,,industrial-works.osm.pbf
node,11872252728,26.5072046,91.2931216,,,,works,,,,,,,industrial-works.osm.pbf
node,11872274739,26.3744496,90.0888623,,,,works,,,,,,,industrial-works.osm.pbf
node,11872274740,26.381914,90.0828836,,,,works,,,,,,,industrial-works.osm.pbf
node,11872274741,26.3889809,90.0809198,,,,works,,,,,,,industrial-works.osm.pbf
node,11872322299,26.5121532,91.294973,,,,works,,,,,,,industrial-works.osm.pbf
node,11872322332,26.5108155,91.2926147,,,,works,,,,,,,industrial-works.osm.pbf
node,11872322362,26.51458,91.2956889,,,,works,,,,,,,industrial-works.osm.pbf
node,11872322389,26.5131728,91.2918977,,,,works,,,,,,,industrial-works.osm.pbf
node,11876043323,17.4353661,76.8920001,,,,works,,beer,,,,,industrial-works.osm.pbf
node,11909576683,18.4974993,73.9185285,,,,works,,,,,,,industrial-works.osm.pbf
node,11944576683,18.5526227,83.7395163,,,,works,,,,,,,industrial-works.osm.pbf
node,11944576684,18.5557268,83.7404138,,,,works,,,,,,,industrial-works.osm.pbf
node,11951716114,10.0047569,76.3454619,,,,works,,,,,,,industrial-works.osm.pbf
node,11951716116,10.0083116,76.3431613,,,,works,,,,,,,industrial-works.osm.pbf
node,11966785055,13.924891,77.2676439,,,,works,,,,,,,industrial-works.osm.pbf
node,11982448395,17.5611885,80.6100707,,,,works,,furniture,,,,,industrial-works.osm.pbf
node,11982448396,17.5611925,80.6100813,,,,works,,furniture,,,,,industrial-works.osm.pbf
node,11985094853,17.5611516,80.6101012,,,,works,,food;furniture,,,,,industrial-works.osm.pbf
node,11985094854,17.5611546,80.6100891,,,,works,,furniture,,,,,industrial-works.osm.pbf
node,11987629254,17.561158,80.6100468,,,,works,,furniture,,,,,industrial-works.osm.pbf
node,12011889907,34.0024925,74.7947697,,,,works,,,,,,,industrial-works.osm.pbf
node,12035773710,23.7581181,86.7531213,,,,works,,,,,,,industrial-works.osm.pbf
node,12040234623,23.0595692,70.8838094,,,,works,,,,,,,industrial-works.osm.pbf
node,12041920367,33.9125059,75.0528537,,,,works,,,,,,,industrial-works.osm.pbf
node,12041938832,33.9551073,74.9822443,,,,works,,,,,,,industrial-works.osm.pbf
node,12045946824,21.1028954,71.7129815,,,,works,,,,,,dehydration industries,industrial-works.osm.pbf
node,12046972660,16.0198611,80.9321791,,,,works,,,,,,,industrial-works.osm.pbf
node,12046979565,16.0201675,80.9305684,,,,works,,,,,,,industrial-works.osm.pbf
node,12064186005,12.8598687,75.110796,,,,works,,,,,,,industrial-works.osm.pbf
node,12069696571,12.9391717,74.8140536,,,,works,,,,,,,industrial-works.osm.pbf
node,12069791908,12.9392279,74.8152323,,,,works,,,,,,,industrial-works.osm.pbf
node,12078014108,21.1610673,71.7520973,,,,works,,,,,,,industrial-works.osm.pbf
node,12102019343,22.3244991,69.7354255,,,,works,,beer,,,,,industrial-works.osm.pbf
node,12102034391,22.3552984,69.8457621,,,,works,,beer,,,,,industrial-works.osm.pbf
node,12117290257,34.100963,74.631291,,,,works,,,,,,,industrial-works.osm.pbf
node,12171120742,34.0000452,74.7937635,,,,works,,,,,,,industrial-works.osm.pbf
node,12171149551,33.9996136,74.7940969,,,,works,,,,,,Steel fabrication,industrial-works.osm.pbf
node,12174149280,17.3997047,82.8061527,,,,works,,,,,,,industrial-works.osm.pbf
node,12212780822,12.912107,77.6288253,,,,works,,,,,,,industrial-works.osm.pbf
node,12217490181,17.7993911,83.210098,,,,works,,,,,,,industrial-works.osm.pbf
node,12250044048,16.928577,82.1676488,,,,works,,rice,,,,,industrial-works.osm.pbf
node,12254741422,16.1748891,81.0331428,,,,works,,,,,,,industrial-works.osm.pbf
node,12320155661,12.9176267,79.340816,,,,works,,leather,,,,,industrial-works.osm.pbf
node,12320155663,12.9183323,79.3380842,,,,works,,,,,,,industrial-works.osm.pbf
node,12321336611,25.4245928,81.9313222,,,,works,,oil,,,,,industrial-works.osm.pbf
node,12353541388,26.1224168,91.9710964,,,,works,,,,,,,industrial-works.osm.pbf
node,12361199536,12.3710756,78.2041497,,,,works,,,,,,,industrial-works.osm.pbf
node,12367266814,23.032279,72.6218211,,,,works,,rubber_roller;safety_chucks;anilox_roller;embossing_roller;air_shafts,,,,,industrial-works.osm.pbf
node,12367373596,23.0265867,72.6246859,,,,works,,anilox_roller,,,,,industrial-works.osm.pbf
node,12373210832,12.4180668,78.1926646,,,,works,,,,,,,industrial-works.osm.pbf
node,12374083672,17.0784372,75.1850375,,,,works,,,,,,,industrial-works.osm.pbf
node,12381756155,25.0360716,73.8664673,,,,works,,,,,,,industrial-works.osm.pbf
node,12383880038,18.5505338,73.8797379,,,,works,,furniture,,,,,industrial-works.osm.pbf
node,12389408100,12.2892348,78.40193,,,,works,,,,,,,industrial-works.osm.pbf
node,12425596497,11.0295082,76.9754416,,,,works,,,,,,"Advanced Technology Centre, Lakshmi Machine Works",industrial-works.osm.pbf
node,12477671416,12.3008428,78.4085214,,,,works,,electronics,,,,,industrial-works.osm.pbf
node,12480394705,12.6501157,77.7491658,,,,works,,tmt_bars,,,,,industrial-works.osm.pbf
node,12534435702,13.3886454,74.7195447,,,,works,,fishing_nets,,,,,industrial-works.osm.pbf
node,12551637261,19.229344,72.966415,,,,works,,,,,,,industrial-works.osm.pbf
node,12595024924,26.3084905,73.0443796,,,,works,,,,,,,industrial-works.osm.pbf
node,12595612069,28.155322,76.1121205,,,,works,,,,,,,industrial-works.osm.pbf
node,12595614796,28.1516464,76.1233314,,,,works,,,,,,,industrial-works.osm.pbf
node,12595673759,29.1399679,78.2473406,,,,works,,,,,,,industrial-works.osm.pbf
node,12595799103,27.1412062,78.008797,,,,works,,,,,,,industrial-works.osm.pbf
node,12595834842,27.5443885,76.6256538,,,,works,,beer,,,,,industrial-works.osm.pbf
node,12595849538,27.6319606,75.1938955,,,,works,,plastic,,,,,industrial-works.osm.pbf
node,12595886900,24.812823,85.0243243,,,,works,,,,,,,industrial-works.osm.pbf
node,12595899332,25.3477734,85.3880171,,,,works,,,,,,,industrial-works.osm.pbf
node,12595904031,24.8059266,85.0293508,,,,works,,,,,,,industrial-works.osm.pbf
node,12595904032,24.8052378,85.0287384,,,,works,,,,,,,industrial-works.osm.pbf
node,12595904033,24.8062168,85.0304258,,,,works,,,,,,,industrial-works.osm.pbf
node,12595904040,24.8126537,85.0284663,,,,works,,,,,,,industrial-works.osm.pbf
node,12595916767,25.3420178,85.3944333,,,,works,,,,,,,industrial-works.osm.pbf
node,12595985728,27.6333518,75.1958169,,,,works,,,,,,,industrial-works.osm.pbf
node,12596092935,14.5242175,76.3442808,,,,works,,beer,,,,,industrial-works.osm.pbf
node,12596129836,27.3954342,75.977092,,,,works,,beer,,,,,industrial-works.osm.pbf
node,12596162404,27.6307746,75.1886725,,,,works,,,,,,,industrial-works.osm.pbf
node,12596171409,24.8085463,85.0258997,,,,works,,,,,,,industrial-works.osm.pbf
node,12596178001,29.1575198,76.6946432,,,,works,,,,,,,industrial-works.osm.pbf
node,12596184913,28.0597097,76.0993737,,,,works,,,,,,,industrial-works.osm.pbf
node,12596216074,28.797559,76.163066,,,,works,,,,,,,industrial-works.osm.pbf
node,12596219470,28.0582536,76.0995201,,,,works,,,,,,,industrial-works.osm.pbf
node,12596268782,26.7001841,82.8466799,,,,works,,,,,,,industrial-works.osm.pbf
node,12596274215,25.4188899,86.12363,,,,works,,beer,,,,,industrial-works.osm.pbf
node,12596320247,25.4208106,86.1233585,,,,works,,beer,,,,,industrial-works.osm.pbf
node,12596341287,20.811061,82.2088839,,,,works,,,,,,,industrial-works.osm.pbf
node,12596380132,28.0471127,76.0952664,,,,works,,beer,,,,,industrial-works.osm.pbf
node,12596411190,27.6297017,75.1890113,,,,works,,,,,,,industrial-works.osm.pbf
node,12596411200,27.6475961,75.1713733,,,,works,,,,,,,industrial-works.osm.pbf
node,12596421248,25.4184076,86.0986353,,,,works,,beer,,,,,industrial-works.osm.pbf
node,12600686246,16.3274899,80.6250934,,,,works,,,,,,,industrial-works.osm.pbf
node,12613232778,25.7791522,84.7688624,,,,works,,,,,,,industrial-works.osm.pbf
node,12631221827,25.6266373,83.760217,,,,works,,,,,,,industrial-works.osm.pbf
node,12631285457,25.6214081,83.754494,,,,works,,,,,,,industrial-works.osm.pbf
node,12673171782,18.3761803,76.0549056,,,,works,,,,,,,industrial-works.osm.pbf
node,12713991931,28.6236193,77.2910357,,,,works,,,,,,,industrial-works.osm.pbf
node,12736585058,22.6803605,75.9914069,,,,works,,confectionery;candies;chocolates;wafers;lollipops,,,,,industrial-works.osm.pbf
node,12741624055,19.8377573,75.2477011,,,,works,,d_m_water;chemicals;housekeeping_products;solvents;0_tds_water,,,,,industrial-works.osm.pbf
node,12747359242,15.5986412,73.8100609,,,,works,,,,,,,industrial-works.osm.pbf
node,12768425919,16.3281501,80.437587,,,,works,,,,,,,industrial-works.osm.pbf
node,12777576162,20.9803511,75.600464,,,,works,,plastic,,,,,industrial-works.osm.pbf
node,12794618825,25.1971345,90.2189367,,,,works,,,,,,,industrial-works.osm.pbf
node,12802008801,25.1237283,73.8576771,,,,works,,marble,,,,,industrial-works.osm.pbf
node,12802200358,15.5997018,73.8151219,,,,works,,,,,,,industrial-works.osm.pbf
node,12852130843,17.3880989,78.5109555,,,,works,,,,,,,industrial-works.osm.pbf
node,12899179930,23.4438982,87.4916813,,,,works,,,,,,,industrial-works.osm.pbf
node,12920682483,15.3966081,74.0246239,,,,works,,ice_cream,,,,,industrial-works.osm.pbf
node,12920831013,10.9002121,76.1471994,,,,works,,dairy,,,,,industrial-works.osm.pbf
node,12955600413,26.6141294,84.9174064,,,,works,,,,,,,industrial-works.osm.pbf
node,12969373957,26.1814521,91.7404147,,,,works,,,,,,,industrial-works.osm.pbf
node,12991907235,16.5164716,80.6996586,,,,works,,beer,,,,,industrial-works.osm.pbf
node,12993620615,16.5070406,80.6790922,,,,works,,plates,,,,,industrial-works.osm.pbf
node,12993650720,16.5076917,80.6787383,,,,works,,steel;steel_products,,,,,industrial-works.osm.pbf
node,12993656125,16.5070837,80.6784259,,,,works,,plates,,,,,industrial-works.osm.pbf
node,12993673669,16.5101504,80.6758792,,,,works,,beer,,,,,industrial-works.osm.pbf
node,12993679103,16.5072622,80.6784413,,,,works,,beer;poles,,,,,industrial-works.osm.pbf
node,12993682287,16.4781329,80.7080926,,,,works,,,,,,,industrial-works.osm.pbf
node,12994006900,16.5164891,80.7002829,,,,works,,,,,,,industrial-works.osm.pbf
node,12994080447,16.5170342,80.6992525,,,,works,,beer,,,,,industrial-works.osm.pbf
node,12998820014,16.5162535,80.6964527,,,,works,,,,,,,industrial-works.osm.pbf
node,13001231652,19.8960821,74.3554423,,,,works,,,,,,,industrial-works.osm.pbf
node,13004122478,34.0002542,74.7948273,,,,works,,,,,,,industrial-works.osm.pbf
node,13011384982,21.4463378,83.9045652,,,,works,,plastic;packaging,,,,,industrial-works.osm.pbf
node,13020101933,11.692103,75.7988348,grinding_mill,,,works,,flour;oil,,,,,industrial-works.osm.pbf
node,13020341139,16.5143248,80.7025998,,,,works,,,,,,,industrial-works.osm.pbf
node,13020634531,16.513554,80.6963569,,,,works,,,,,,,industrial-works.osm.pbf
node,13022128620,16.5164891,80.6792006,,,,works,,,,,,,industrial-works.osm.pbf
node,13022143841,16.5151766,80.6831584,,,,works,,,,,,,industrial-works.osm.pbf
node,13022188635,16.5147286,80.6928924,,,,works,,beer,,,,,industrial-works.osm.pbf
node,13022193772,16.5137393,80.6871055,,,,works,,,,,,,industrial-works.osm.pbf
node,13022224874,16.5159458,80.6955648,,,,works,,,,,,,industrial-works.osm.pbf
node,13022649609,26.1809631,91.7397855,,,,works,,,,,,,industrial-works.osm.pbf
node,13040957000,18.4510371,73.7977465,,,,works,,,,,,,industrial-works.osm.pbf
node,13051612322,22.437298,73.2034991,,,,works,,,,,,,industrial-works.osm.pbf
node,13061854576,26.5822102,88.2673318,,,,works,,,,,,,industrial-works.osm.pbf
node,13061854628,26.583279,88.2645527,,,,works,,,,,,,industrial-works.osm.pbf
node,13063900602,26.5888514,88.2794519,,,,works,,,,,,,industrial-works.osm.pbf
node,13081240379,17.5266615,78.453735,,,,works,,plastic,,,,,industrial-works.osm.pbf
node,13086311464,16.8153545,81.5443129,,,,works,,,,,,,industrial-works.osm.pbf
node,13086312724,16.7983574,81.6290256,,,,works,,,,,,,industrial-works.osm.pbf
node,13086424625,16.9695944,82.0490297,,,,works,,,,,,,industrial-works.osm.pbf
node,13086457300,16.7450814,81.6751667,,,,works,,,,,,,industrial-works.osm.pbf
node,13086476137,16.7451769,81.676155,,,,works,,,,,,,industrial-works.osm.pbf
node,13108545577,16.2558381,74.3567169,,,,works,,machinery;electronics,,,,,industrial-works.osm.pbf
node,13122482757,13.0491178,77.5333275,,,,works,,machinery;watch;_lathe,,,,,industrial-works.osm.pbf
node,13137556040,20.4893385,85.8408485,,,,works,,books,,,,,industrial-works.osm.pbf
node,13166968875,15.5914296,73.8110554,,,,works,,,,,,,industrial-works.osm.pbf
node,13176602663,26.1651828,72.9204158,,,,works,,furniture,,,,"Serenity International is a furniture manufacturer in Jodhpur, India. The company produces solid wood furniture, metal, cane, marble, and reclaimed furniture for export. It supplies B2B clients including importers, wholesalers, and retailers worldwide.",industrial-works.osm.pbf
node,13186251482,16.7376973,80.2580655,,,,works,,,,,,,industrial-works.osm.pbf
node,13233063658,9.6195522,77.3189713,,,,works,,,,,,,industrial-works.osm.pbf
node,13244943876,26.4351026,74.6996568,,,,works,,machinery,,,,,industrial-works.osm.pbf
node,13245154429,30.8804255,75.8697529,,,,works,,machinery;steel_products;furniture,,,,,industrial-works.osm.pbf
node,13246298758,19.8504745,75.8609129,,,,works,,,,,,,industrial-works.osm.pbf
node,13249329559,18.475956,73.9672632,,,,works,,gaming_accessories;computer_accessories;keyboard;gaming_contorller,,,,,industrial-works.osm.pbf
node,13255484801,23.7956396,80.3799057,,,,works,,food;pulses;dall,,,,,industrial-works.osm.pbf
node,13260754704,15.6027238,77.3046707,,,,works,,,,,,,industrial-works.osm.pbf
node,13284383319,11.0289754,76.9755765,,,,works,,,,,,,industrial-works.osm.pbf
node,13294266886,26.229258,72.9997261,,,,works,,furniture;handicrafts;home_decor,,,,,industrial-works.osm.pbf
node,13305019897,15.5898621,73.7964029,,,,works,,,,,,,industrial-works.osm.pbf
node,13305021315,15.5898217,73.7963494,,,,works,,,,,,,industrial-works.osm.pbf
node,13337746224,10.0160522,76.4784078,,,,works,,,,,,,industrial-works.osm.pbf
node,13347182794,31.602112,74.7849943,,,,works,,cattle_feed,,,,,industrial-works.osm.pbf
node,13361229016,11.653629,78.0525184,,,,works,,,,,,,industrial-works.osm.pbf
node,13390692246,18.5628142,74.1324056,,,,works,,housekeeping/cleaning_material,,,,,industrial-works.osm.pbf
node,13391675255,26.5467875,92.1938784,,,,works,,,,,,,industrial-works.osm.pbf
node,13391675256,26.5465848,92.1928591,,,,works,,,,,,,industrial-works.osm.pbf
node,13391675257,26.5462302,92.1912877,,,,works,,,,,,,industrial-works.osm.pbf
node,13391675258,26.5479399,92.1908489,,,,works,,,,,,,industrial-works.osm.pbf
node,13391675259,26.5503334,92.1903534,,,,works,,,,,,,industrial-works.osm.pbf
node,13403769102,27.5841005,78.0533696,,,,works,,,,,,,industrial-works.osm.pbf
node,13403833498,17.8606106,75.9705293,,,,works,,beer,,,,,industrial-works.osm.pbf
node,13413957328,28.6198939,76.996541,,,,works,,,,,,,industrial-works.osm.pbf
node,13415191678,11.8723073,79.7959554,,,,works,,laptop,,,,,industrial-works.osm.pbf
node,13436917535,16.6334481,81.0251727,,,,works,,,,,,,industrial-works.osm.pbf
node,13452973669,10.303633,76.9010382,,,,works,,,,,,,industrial-works.osm.pbf
node,13457371828,10.9564556,78.0012998,,,,works,,,,,,,industrial-works.osm.pbf
node,13479339757,19.9455576,73.7444786,,,,works,,,,,,,industrial-works.osm.pbf
node,13481053502,19.947144,73.7459872,,,,works,,,,,,,industrial-works.osm.pbf
node,13484340300,15.2500236,74.6070334,,,,works,,,,,,,industrial-works.osm.pbf
node,13508536762,16.8646583,81.2416784,,,,works,,charcoal,,,,,industrial-works.osm.pbf
node,13508883562,16.8605148,81.2482494,,,,works,,rice,,,,,industrial-works.osm.pbf
node,13518983712,17.3681266,78.3995434,,,,works,,,,,,,industrial-works.osm.pbf
node,13521565711,22.5660665,73.4984323,,,,works,,packaging,,,,,industrial-works.osm.pbf
node,13542522438,18.7644733,78.0502073,,,,works,,,,,,,industrial-works.osm.pbf
node,13563440739,13.1869986,80.113898,,,,works,,packaging,,,,,industrial-works.osm.pbf
node,13570374434,10.5665608,76.2852955,concrete_plant,industrial,,works,,concrete,,,,,industrial-works.osm.pbf
node,13588886459,9.7257487,77.9784616,,,,works,,,,,,,industrial-works.osm.pbf
node,13588886479,9.6850269,77.9677418,,,,works,,,,,,,industrial-works.osm.pbf
node,13612192484,27.4855541,82.9460477,,,,works,,,,,,,industrial-works.osm.pbf
node,13619845454,18.6963302,73.7906314,,,,works,,beer,,,,,industrial-works.osm.pbf
node,13644303337,18.5743593,73.8584368,,,,works,,,,,,,industrial-works.osm.pbf
node,13644804481,11.1032793,77.0269874,,,,works,,,,,,,industrial-works.osm.pbf
node,13645461890,22.6658308,88.3898495,,,,works,,beer,,,,,industrial-works.osm.pbf
node,13651513115,26.7297429,94.213417,,,,works,,,,,,Flour Mill,industrial-works.osm.pbf
node,13671601909,20.0843894,85.9421951,,,,works,,,,,,,industrial-works.osm.pbf
node,13671657134,23.0820708,78.4996814,,,,works,,beer,,,,,industrial-works.osm.pbf
node,13673808206,19.9302893,86.0605344,,,,works,,dairy,,,,,industrial-works.osm.pbf
node,13677684049,29.8623666,74.0327326,,,,works,,,,,,,industrial-works.osm.pbf
node,13690604715,18.395829,83.6125861,,,,works,,,,,,,industrial-works.osm.pbf
node,13716485313,19.149994,72.8568709,,,,works,,dairy,,,,,industrial-works.osm.pbf
node,13725557840,27.0617403,95.2857325,,,,works,,,,,,,industrial-works.osm.pbf
node,13725804364,16.5061493,74.8976067,,,,works,,food,,,,,industrial-works.osm.pbf
node,13737207911,15.108131,80.0364298,,,,works,,rice;paddy;husk,,,,,industrial-works.osm.pbf
node,13737415352,18.6058112,78.4641264,,,,works,,rice,,,,,industrial-works.osm.pbf
node,13737622629,16.6437169,80.2301128,,,,works,,machinery,,,,,industrial-works.osm.pbf
node,13740504947,17.5147536,80.2809778,,,,works,,cotton,,,,,industrial-works.osm.pbf
node,13750393594,22.2481441,70.8061156,,,,works,,,,,,,industrial-works.osm.pbf
node,13764787942,11.9404779,79.8203624,,,,works,,plastic,,,,,industrial-works.osm.pbf
node,13774165126,17.6684298,79.4251649,,,,works,,,,,,,industrial-works.osm.pbf
node,13785999145,16.6944611,74.2331893,,,,works,,ice,,,,,industrial-works.osm.pbf
node,13833576977,23.665272,86.499032,,,,works,,,,,,,industrial-works.osm.pbf
node,13833578609,23.6611829,86.4945115,,,,works,,,,,,,industrial-works.osm.pbf
node,13833592376,23.6630216,86.48726,,,,works,,,,,,,industrial-works.osm.pbf
node,13903711879,28.656577,77.2022327,,,,works,,bag;handbags;luggage_bags;leather_bags,,,,"We are Pune Bag Factory, trusted bag manufacturers in Delhi offering premium quality trolley bags, school bags, laptop bags, duffle bags, and leather bags for every need.",industrial-works.osm.pbf
node,13925831388,23.2619027,77.457872,,,,works,,,,,,,industrial-works.osm.pbf
node,13953407144,17.6341463,82.7997405,,,,works,,,,,,,industrial-works.osm.pbf
node,14006151986,10.5630224,76.364463,concrete_plant,industrial,,works,,concrete,,,,,industrial-works.osm.pbf
node,14007922105,34.0191454,74.9144185,,,,works,,timber_merchant,,,,,industrial-works.osm.pbf
node,14051781564,28.7271872,77.749473,,,,works,,,,,,,industrial-works.osm.pbf
node,14051781565,28.7259738,77.7478086,,,,works,,,,,,,industrial-works.osm.pbf
node,14066763674,17.8430646,83.1986029,,,,works,,,,,,,industrial-works.osm.pbf
node,14067840218,32.6891101,74.8556656,,,,works,,,,,,,industrial-works.osm.pbf
node,280183585,11.3796749,76.7454809,,industrial,,works,,,,,,,industrial-zones.osm.pbf
node,280187182,11.4068526,76.7138076,,industrial,,,,,,,,,industrial-zones.osm.pbf
node,284613271,11.4283926,76.6643598,,industrial,,,,,,,,,industrial-zones.osm.pbf
node,342120067,19.34143,72.89292,,industrial,,,,,,,,,industrial-zones.osm.pbf
node,343703676,10.3377268,76.221943,slaughterhouse,industrial,,,,,,,,,industrial-zones.osm.pbf
node,459464848,12.8490337,77.6631347,,industrial,,,,,,,,,industrial-zones.osm.pbf
node,459489322,12.8409584,77.6636503,,industrial,,,,,,,,,industrial-zones.osm.pbf
node,598947927,13.0393856,77.5537217,,industrial,,,,,,,,,industrial-zones.osm.pbf
node,598963087,13.0265319,77.5342651,,industrial,,,,,,,,,industrial-zones.osm.pbf
node,598963093,13.0281717,77.5353211,,industrial,,,,,,,,,industrial-zones.osm.pbf
node,978180633,13.0145025,80.2001435,,industrial,,,,,,,,,industrial-zones.osm.pbf
node,1160646223,13.0376828,77.6128514,,industrial,,,,,,,,,industrial-zones.osm.pbf
node,1539945670,19.8712372,75.8894061,,,tower,,,,,,,,industrial-zones.osm.pbf
node,2199782537,24.3906677,85.5741898,,,tower,,,,,,,,industrial-zones.osm.pbf
node,2392010671,20.3651096,83.2809549,,industrial,,,,,,,,,industrial-zones.osm.pbf
node,2392010674,20.365909,83.2937798,,industrial,,,,,,,,,industrial-zones.osm.pbf
node,2392010677,20.3573132,83.2716981,,industrial,,,,,,,,,industrial-zones.osm.pbf
node,2392010680,20.3484296,83.2682684,,industrial,,,,,,,,,industrial-zones.osm.pbf
node,2392010682,20.3778898,83.2987851,,industrial,,,,,,,,,industrial-zones.osm.pbf
node,2392010685,20.3302976,83.2575989,,industrial,,,,,,,,,industrial-zones.osm.pbf
node,2392010687,20.366336,83.2896334,,industrial,,,,,,,,,industrial-zones.osm.pbf
node,2392010690,20.3643728,83.2926594,,industrial,,,,,,,,,industrial-zones.osm.pbf
node,2392010693,20.3629838,83.2923453,,industrial,,,,,,,,,industrial-zones.osm.pbf
node,2392010695,20.3607211,83.2914029,,industrial,,,,,,,,,industrial-zones.osm.pbf
node,2392010698,20.3583189,83.264102,,industrial,,,,,,,,,industrial-zones.osm.pbf
node,2392010701,20.3760248,83.3030623,,industrial,,,,,,,,,industrial-zones.osm.pbf
node,2392010702,20.3591214,83.2697842,,industrial,,,,,,,,,industrial-zones.osm.pbf
node,2400312972,13.2196403,77.2509903,,industrial,,,,,,,,,industrial-zones.osm.pbf
node,2400363484,13.2939105,77.1736997,,industrial,,,industrial,,,,,,industrial-zones.osm.pbf
node,2400363488,13.2886281,77.1789354,,industrial,,,industrial,,,,,,industrial-zones.osm.pbf
node,2527030591,13.2386523,80.098155,,,tower,,,,,,,,industrial-zones.osm.pbf
node,2527796056,23.7976885,72.3785588,,industrial,,,,,,,,,industrial-zones.osm.pbf
node,2527796057,23.7771938,72.3711615,,industrial,,,,,,,,,industrial-zones.osm.pbf
node,2579038240,9.0348868,76.8536999,,industrial,,,,,,,,,industrial-zones.osm.pbf
node,2623521560,23.7113415,86.8762296,,industrial,,,,,,,,,industrial-zones.osm.pbf
node,2681760815,20.1306624,72.9174845,,industrial,,,,,,,,,industrial-zones.osm.pbf
node,2699751692,12.3090345,76.6844135,,industrial,,,,,,,,,industrial-zones.osm.pbf
node,2851051573,12.9798447,80.1915525,,industrial,,,,,,,,,industrial-zones.osm.pbf
node,3207315957,13.2696808,76.7218307,,industrial,,,,,,,,,industrial-zones.osm.pbf
node,3358197637,12.9706377,74.8407819,depot,industrial,,,,,,,,,industrial-zones.osm.pbf
node,3660262370,18.4427897,73.8205821,,industrial,,,,,,,,,industrial-zones.osm.pbf
node,3685917263,18.4440829,73.8210851,,industrial,,works,,,,,,,industrial-zones.osm.pbf
node,3715373723,18.4440721,73.822031,,industrial,,,,,,,,,industrial-zones.osm.pbf
node,4162650331,22.808156,69.5121294,,,tower,,,,,,,,industrial-zones.osm.pbf
node,4292241805,10.555253,76.2266445,slaughterhouse,industrial,,,,,,,,,industrial-zones.osm.pbf
node,4675421150,10.1636011,76.2084233,scrap_yard,industrial,,,,,,,,,industrial-zones.osm.pbf
node,5275245898,11.7414867,76.1194286,slaughterhouse,industrial,,,,,,,,,industrial-zones.osm.pbf
node,5313392619,10.7939768,76.6632971,slaughterhouse,industrial,,,,,,,,Chicken shop,industrial-zones.osm.pbf
node,5574993087,11.9348568,79.8238168,scrap_yard,industrial,,,,,,,,,industrial-zones.osm.pbf
node,5635123627,11.9472542,79.8294671,scrap_yard,industrial,,,,,,,,,industrial-zones.osm.pbf
node,5907718304,10.5863168,76.1595775,scrap_yard,industrial,,,,,,,,,industrial-zones.osm.pbf
node,5907887067,10.5617951,76.2436733,slaughterhouse,industrial,,,,,,,,,industrial-zones.osm.pbf
node,6176696739,13.0288262,77.6312368,warehouse,industrial,,,,,,,,,industrial-zones.osm.pbf
node,6341705965,17.0927727,81.6716552,brickyard,,,,,,,,,,industrial-zones.osm.pbf
node,6801919194,19.1254283,72.9194808,scrap_yard,industrial,,,,,,,,,industrial-zones.osm.pbf
node,6804290504,19.1267577,72.9187415,slaughterhouse,industrial,,,,,,,,fast food restaurant,industrial-zones.osm.pbf
node,6804290536,19.1272804,72.9192135,slaughterhouse,industrial,,,,,,,,"meat shop- chicken, mutton",industrial-zones.osm.pbf
node,7111459430,10.618697,76.1144217,scrap_yard,industrial,,,,,,,,,industrial-zones.osm.pbf
node,7196522932,9.6762238,76.5995356,scrap_yard,industrial,,,,,,,,,industrial-zones.osm.pbf
node,7227157705,10.1642606,76.4101367,slaughterhouse,industrial,,,,,,,,,industrial-zones.osm.pbf
node,7244134446,17.3295781,78.5801517,slaughterhouse,industrial,,,,,,,,,industrial-zones.osm.pbf
node,7244134467,17.3301268,78.5757683,slaughterhouse,industrial,,,,,,,,,industrial-zones.osm.pbf
node,7244216948,17.1506845,80.86566,slaughterhouse,industrial,,,,,,,,,industrial-zones.osm.pbf
node,7244216957,17.1685923,80.8699833,slaughterhouse,industrial,,,,,,,,,industrial-zones.osm.pbf
node,7364436338,8.4640768,76.9494138,slaughterhouse,industrial,,,,,,,,,industrial-zones.osm.pbf
node,7365840824,12.5160927,75.0209219,slaughterhouse,industrial,,,,,,,,,industrial-zones.osm.pbf
node,7460345874,8.6953769,76.8158262,slaughterhouse,industrial,,,,,,,,,industrial-zones.osm.pbf
node,7464910709,9.4384279,76.5687917,slaughterhouse,industrial,,,,,,,,,industrial-zones.osm.pbf
node,7465317180,10.195046,76.3422931,slaughterhouse,industrial,,,,,,,,,industrial-zones.osm.pbf
node,7465325405,10.1884572,76.3446856,slaughterhouse,industrial,,,,,,,,,industrial-zones.osm.pbf
node,7466441921,8.7619529,76.7876402,scrap_yard,industrial,,,,,,,,,industrial-zones.osm.pbf
node,7466614066,8.5388594,76.9412586,slaughterhouse,industrial,,,,,,,,,industrial-zones.osm.pbf
node,7467464924,8.5200984,76.9449309,slaughterhouse,industrial,,,,,,,,,industrial-zones.osm.pbf
node,7469440779,8.5147196,76.9533396,slaughterhouse,industrial,,,,,,,,,industrial-zones.osm.pbf
node,7470374569,9.7870201,76.440659,scrap_yard,industrial,,,,,,,,,industrial-zones.osm.pbf
node,7475667995,9.3295688,76.925358,slaughterhouse,industrial,,,,,,,,,industrial-zones.osm.pbf
node,7476286329,12.1826301,75.3183412,slaughterhouse,industrial,,,,,,,,,industrial-zones.osm.pbf
node,7486063485,10.0850029,76.347293,scrap_yard,industrial,,,,,,,,,industrial-zones.osm.pbf
node,7488451362,8.7890524,76.7401046,slaughterhouse,industrial,,,,,,,,,industrial-zones.osm.pbf
node,7489931116,9.0562344,76.5769417,slaughterhouse,industrial,,,,,,,,,industrial-zones.osm.pbf
node,7501665450,11.8928032,75.4076767,slaughterhouse,industrial,,,,,,,,,industrial-zones.osm.pbf
node,7505779679,10.0830008,76.5564062,,industrial,,,,,,,,,industrial-zones.osm.pbf
node,7517472905,8.6229228,76.796827,slaughterhouse,industrial,,,,,,,,,industrial-zones.osm.pbf
node,7517791158,8.5773642,76.8554248,scrap_yard,industrial,,,,,,,,,industrial-zones.osm.pbf
node,7726246753,10.2471266,76.149365,slaughterhouse,industrial,,,,,,,,,industrial-zones.osm.pbf
node,7858439493,10.3629115,77.9939969,slaughterhouse,industrial,,,,,,,,,industrial-zones.osm.pbf
node,8279312350,11.0600016,76.3483527,slaughterhouse,industrial,,,,,,,,,industrial-zones.osm.pbf
node,8308252556,8.7557514,76.9387801,slaughterhouse,industrial,,,,,,,,,industrial-zones.osm.pbf
node,8324814188,10.6724364,76.1914318,slaughterhouse,industrial,,,,,,,,,industrial-zones.osm.pbf
node,8327991289,10.6372729,76.130401,slaughterhouse,industrial,,,,,,,,,industrial-zones.osm.pbf
node,8329526260,9.9544229,76.327125,slaughterhouse,industrial,,,,,,,,,industrial-zones.osm.pbf
node,8410949311,9.7867626,76.4447956,slaughterhouse,industrial,,,,,,,,,industrial-zones.osm.pbf
node,8442078444,9.6235217,76.6036357,scrap_yard,industrial,,,,,,,,,industrial-zones.osm.pbf
node,8442078445,9.6253404,76.6034655,scrap_yard,industrial,,,,,,,,,industrial-zones.osm.pbf
node,8665936347,27.8469867,78.3259738,,industrial,,,,,,,,,industrial-zones.osm.pbf
node,8665936358,27.7649764,78.3126249,,industrial,,,,,,,,,industrial-zones.osm.pbf
node,8665936359,27.8242549,78.3264518,,industrial,,,,,,,,,industrial-zones.osm.pbf
node,8665936360,27.8328034,78.3248053,,industrial,,,,,,,,,industrial-zones.osm.pbf
node,8665936361,27.8378601,78.3213884,,industrial,,,,,,,,,industrial-zones.osm.pbf
node,8665936362,27.8462823,78.3154222,,industrial,,,,,,,,,industrial-zones.osm.pbf
node,8665936365,27.8392847,78.311846,,industrial,,,,,,,,,industrial-zones.osm.pbf
node,8665936366,27.8392064,78.3095798,,industrial,,,,,,,,,industrial-zones.osm.pbf
node,8665936367,27.8460951,78.310719,,industrial,,,,,,,,,industrial-zones.osm.pbf
node,8665936368,27.8481439,78.3047361,,industrial,,,,,,,,,industrial-zones.osm.pbf
node,8665936369,27.8481898,78.3018137,,industrial,,,,,,,,,industrial-zones.osm.pbf
node,8665936371,27.8499175,78.2877382,,industrial,,,,,,,,,industrial-zones.osm.pbf
node,8665936372,27.8535409,78.2685096,,industrial,,,,,,,,,industrial-zones.osm.pbf
node,8665936373,27.8492371,78.2768529,,industrial,,,,,,,,,industrial-zones.osm.pbf
node,8665936374,27.8504373,78.2747866,,industrial,,,,,,,,,industrial-zones.osm.pbf
node,8665936375,27.8439546,78.2670312,,industrial,,,,,,,,,industrial-zones.osm.pbf
node,8665936376,27.8453842,78.2704982,,industrial,,,,,,,,,industrial-zones.osm.pbf
node,8665936378,27.8913122,78.3089898,,industrial,,,,,,,,,industrial-zones.osm.pbf
node,8665936379,27.9227298,78.2949316,,industrial,,,,,,,,,industrial-zones.osm.pbf
node,8665936380,27.925098,78.2923205,,industrial,,,,,,,,,industrial-zones.osm.pbf
node,8703128547,27.8638528,78.2418196,,industrial,,,,,,,,,industrial-zones.osm.pbf
node,8703128548,27.8314777,78.2109817,,industrial,,,,,,,,,industrial-zones.osm.pbf
node,8703128549,27.8174355,78.2327199,,industrial,,,,,,,,,industrial-zones.osm.pbf
node,8703128550,27.8133566,78.2359285,,industrial,,,,,,,,,industrial-zones.osm.pbf
node,8708936388,11.2444745,76.2035414,slaughterhouse,industrial,,,,,,,,,industrial-zones.osm.pbf
node,8832674838,9.9466785,76.3942627,slaughterhouse,industrial,,,,,,,,,industrial-zones.osm.pbf
node,8848285226,10.3416994,76.2623639,grinding_mill,industrial,,,,,,,,,industrial-zones.osm.pbf
node,8891960405,27.9156023,78.2337972,,industrial,,,,,,,,,industrial-zones.osm.pbf
node,8891960406,27.916581,78.2291195,,industrial,,,,,,,,,industrial-zones.osm.pbf
node,8897230302,9.6080695,77.1698341,slaughterhouse,industrial,,,,,,,,,industrial-zones.osm.pbf
node,8948395630,9.6111718,76.537024,scrap_yard,industrial,,,,,,,,,industrial-zones.osm.pbf
node,9103426737,21.8380671,73.7558609,,,insulator,,,,,,,,industrial-zones.osm.pbf
node,9103426738,21.8383972,73.7563102,,,insulator,,,,,,,,industrial-zones.osm.pbf
node,9184096670,28.007834,78.0525018,,industrial,,,,,,,,,industrial-zones.osm.pbf
node,9188355361,27.9857897,77.7407706,,industrial,,,,,,,,,industrial-zones.osm.pbf
node,9189667732,28.0770732,77.9697749,,industrial,,,,,,,,,industrial-zones.osm.pbf
node,9200975006,27.963558,77.8670528,,industrial,,,,,,,,,industrial-zones.osm.pbf
node,9205692722,28.0895106,78.3343691,,industrial,,,,,,,,,industrial-zones.osm.pbf
node,9212287567,29.4342997,77.4035096,,industrial,,,,,,,,,industrial-zones.osm.pbf
node,9212307959,29.4711642,77.4051726,,industrial,,,,,,,,,industrial-zones.osm.pbf
node,9212307960,29.4709494,77.4012136,,industrial,,,,,,,,,industrial-zones.osm.pbf
node,9212308365,29.346307,77.3682225,,industrial,,,,,,,,,industrial-zones.osm.pbf
node,9212308368,29.3695348,77.3537063,,industrial,,,,,,,,,industrial-zones.osm.pbf
node,9214210540,29.5288165,77.3795307,,industrial,,,,,,,,,industrial-zones.osm.pbf
node,9214440236,29.6064932,77.2784597,,industrial,,,,,,,,,industrial-zones.osm.pbf
node,9460577182,17.5769716,78.3923266,slaughterhouse,industrial,,,,,,,,,industrial-zones.osm.pbf
node,9498406680,25.3821158,83.5417809,,industrial,,,,,,,,,industrial-zones.osm.pbf
node,9498406684,25.402295,83.4953833,,industrial,,,,,,,,,industrial-zones.osm.pbf
node,9498406687,25.3911497,83.4934295,,industrial,,,,,,,,,industrial-zones.osm.pbf
node,9498406688,25.3904457,83.5133848,,industrial,,,,,,,,,industrial-zones.osm.pbf
node,9498406689,25.3945311,83.5114309,,industrial,,,,,,,,,industrial-zones.osm.pbf
node,9498449599,25.2407265,83.3968069,,industrial,,,,,,,,,industrial-zones.osm.pbf
node,9498449600,25.2399865,83.3948411,,industrial,,,,,,,,,industrial-zones.osm.pbf
node,9498449601,25.2306424,83.3984065,,industrial,,,,,,,,,industrial-zones.osm.pbf
node,9498491133,25.2520433,83.3990831,,industrial,,,,,,,,,industrial-zones.osm.pbf
node,9498491134,25.2503385,83.3988749,,industrial,,,,,,,,,industrial-zones.osm.pbf
node,9498491135,25.2502097,83.3978393,,industrial,,,,,,,,,industrial-zones.osm.pbf
node,9498491136,25.2509927,83.3967873,,industrial,,,,,,,,,industrial-zones.osm.pbf
node,9498491137,25.2507548,83.3959873,,industrial,,,,,,,,,industrial-zones.osm.pbf
node,9498491138,25.2519046,83.3951435,,industrial,,,,,,,,,industrial-zones.osm.pbf
node,9505671691,25.3713905,83.3678072,,industrial,,,,,,,,,industrial-zones.osm.pbf
node,9505671692,25.2465072,83.3762265,,industrial,,,,,,,,,industrial-zones.osm.pbf
node,9505671693,25.2434013,83.3866194,,industrial,,,,,,,,,industrial-zones.osm.pbf
node,9505671694,25.2374782,83.3823071,,industrial,,,,,,,,,industrial-zones.osm.pbf
node,9505671695,25.2373234,83.3841552,,industrial,,,,,,,,,industrial-zones.osm.pbf
node,9505671696,25.2358167,83.3872241,,industrial,,,,,,,,,industrial-zones.osm.pbf
node,9505671697,25.2347745,83.387726,,industrial,,,,,,,,,industrial-zones.osm.pbf
node,9505671698,25.2348157,83.3813602,,industrial,,,,,,,,,industrial-zones.osm.pbf
node,9505671699,25.233598,83.3825125,,industrial,,,,,,,,,industrial-zones.osm.pbf
node,9505671700,25.2327931,83.3803107,,industrial,,,,,,,,,industrial-zones.osm.pbf
node,9505671701,25.2288612,83.3849082,,industrial,,,,,,,,,industrial-zones.osm.pbf
node,9505671702,25.2283658,83.3838929,,industrial,,,,,,,,,industrial-zones.osm.pbf
node,9505671703,25.2282059,83.3821246,,industrial,,,,,,,,,industrial-zones.osm.pbf
node,9505671704,25.2297694,83.3781887,,industrial,,,,,,,,,industrial-zones.osm.pbf
node,9505671705,25.227726,83.3777096,,industrial,,,,,,,,,industrial-zones.osm.pbf
node,9505671706,25.2257239,83.3822957,,industrial,,,,,,,,,industrial-zones.osm.pbf
node,9505671707,25.2191496,83.3815085,,industrial,,,,,,,,,industrial-zones.osm.pbf
node,9505671708,25.2189845,83.3763292,,industrial,,,,,,,,,industrial-zones.osm.pbf
node,9505671709,25.2195315,83.3743099,,industrial,,,,,,,,,industrial-zones.osm.pbf
node,9505671710,25.213184,83.3487326,,industrial,,,,,,,,,industrial-zones.osm.pbf
node,9505671711,25.2169822,83.3603234,,industrial,,,,,,,,,industrial-zones.osm.pbf
node,9505671712,25.2273957,83.3568096,,industrial,,,,,,,,,industrial-zones.osm.pbf
node,9505671713,25.2283246,83.3556346,,industrial,,,,,,,,,industrial-zones.osm.pbf
node,9505671714,25.2306053,83.3557372,,industrial,,,,,,,,,industrial-zones.osm.pbf
node,9505671715,25.229501,83.3525315,,industrial,,,,,,,,,industrial-zones.osm.pbf
node,9505671716,25.2316786,83.351037,,industrial,,,,,,,,,industrial-zones.osm.pbf
node,9505671717,25.230982,83.3472039,,industrial,,,,,,,,,industrial-zones.osm.pbf
node,9505671718,25.2604675,83.3413058,,industrial,,,,,,,,,industrial-zones.osm.pbf
node,9505671719,25.2589508,83.3396402,,industrial,,,,,,,,,industrial-zones.osm.pbf
node,9505671720,25.2605294,83.3376551,,industrial,,,,,,,,,industrial-zones.osm.pbf
node,9505671721,25.2617984,83.3344266,,industrial,,,,,,,,,industrial-zones.osm.pbf
node,9505671722,25.2955415,83.3376437,,industrial,,,,,,,,,industrial-zones.osm.pbf
node,9505671723,25.3130025,83.338659,,industrial,,,,,,,,,industrial-zones.osm.pbf
node,9505671724,25.3148485,83.3438498,,industrial,,,,,,,,,industrial-zones.osm.pbf
node,9505671725,25.3194067,83.3451389,,industrial,,,,,,,,,industrial-zones.osm.pbf
node,9505671726,25.3225106,83.3346319,,industrial,,,,,,,,,industrial-zones.osm.pbf
node,9505671727,25.326027,83.3445115,,industrial,,,,,,,,,industrial-zones.osm.pbf
node,9505671728,25.3257899,83.3364573,,industrial,,,,,,,,,industrial-zones.osm.pbf
node,9505671729,25.3310591,83.3418077,,industrial,,,,,,,,,industrial-zones.osm.pbf
node,9505671730,25.332482,83.3357613,,industrial,,,,,,,,,industrial-zones.osm.pbf
node,9505671731,25.3621027,83.333685,,industrial,,,,,,,,,industrial-zones.osm.pbf
node,9505671732,25.3744431,83.3360225,,industrial,,,,,,,,,industrial-zones.osm.pbf
node,9505671733,25.3815005,83.3497506,,industrial,,,,,,,,,industrial-zones.osm.pbf
node,9505671734,25.3815206,83.348536,,industrial,,,,,,,,,industrial-zones.osm.pbf
node,9505671736,25.4747584,83.3749113,,industrial,,,,,,,,,industrial-zones.osm.pbf
node,9507712798,27.3677098,81.7739647,,industrial,,,,,,,,,industrial-zones.osm.pbf
node,9507712799,27.367819,81.770943,,industrial,,,,,,,,,industrial-zones.osm.pbf
node,9507713651,27.3305199,81.8082176,,industrial,,,,,,,,,industrial-zones.osm.pbf
node,9507713652,27.3298494,81.8027799,,industrial,,,,,,,,,industrial-zones.osm.pbf
node,9507713653,27.3324095,81.8024369,,industrial,,,,,,,,,industrial-zones.osm.pbf
node,9529456967,10.7569232,75.9295966,slaughterhouse,industrial,,,,,,,,,industrial-zones.osm.pbf
node,9627168424,17.3884523,78.5200539,slaughterhouse,industrial,,,,,,,,,industrial-zones.osm.pbf
node,9779380714,11.1934636,76.239416,scrap_yard,industrial,,,,,,,,,industrial-zones.osm.pbf
node,9830410935,9.9279861,76.7090204,slaughterhouse,industrial,,,,,,,,,industrial-zones.osm.pbf
node,10262214502,17.9197381,79.8974687,scrap_yard,industrial,,,,,,,,,industrial-zones.osm.pbf
node,10807163115,23.3590542,70.088462,,,tower,,,,,,,,industrial-zones.osm.pbf
node,10960124162,25.4641122,81.8681275,slaughterhouse,industrial,,,,,,,,,industrial-zones.osm.pbf
node,11031707797,16.3580052,80.4015425,slaughterhouse,industrial,,,,,,,,,industrial-zones.osm.pbf
node,11031709940,16.3576459,80.4016643,slaughterhouse,industrial,,,,,,,,,industrial-zones.osm.pbf
node,11031709945,16.3576721,80.4021382,slaughterhouse,industrial,,,,,,,,,industrial-zones.osm.pbf
node,11166342045,21.5198623,70.4410661,slaughterhouse,industrial,,,,,,,,,industrial-zones.osm.pbf
node,11219234233,11.2322799,76.053772,scrap_yard,industrial,,,,,,,,,industrial-zones.osm.pbf
node,11371291133,11.7912798,77.800421,depot,industrial,,,,,,,,,industrial-zones.osm.pbf
node,11383342178,8.3891511,76.9983282,slaughterhouse,industrial,,,,,,,,,industrial-zones.osm.pbf
node,11485653809,17.144801,78.9024009,slaughterhouse,industrial,,,,,,,,,industrial-zones.osm.pbf
node,11634198266,18.0916599,83.389365,depot,industrial,,,,,,,,,industrial-zones.osm.pbf
node,11698529211,25.2809375,82.9862242,scrap_yard,industrial,,,,,,,,,industrial-zones.osm.pbf
node,11725273103,10.3679019,76.3001892,scrap_yard,industrial,,,,,,,,,industrial-zones.osm.pbf
node,11951455078,27.4837297,95.3935172,depot,industrial,,,,,,,,,industrial-zones.osm.pbf
node,11990117928,17.560415,80.6118517,slaughterhouse,industrial,,,,,,,,,industrial-zones.osm.pbf
node,12027975908,26.0949396,91.7861321,depot,industrial,,,,,,,,,industrial-zones.osm.pbf
node,12102006779,22.2327932,70.7889781,slaughterhouse,industrial,,,,,,,,,industrial-zones.osm.pbf
node,12150999931,23.8245637,78.6850051,slaughterhouse,industrial,,,,,,,,,industrial-zones.osm.pbf
node,12171240927,28.2057348,77.2120458,warehouse,industrial,,,,,,,,,industrial-zones.osm.pbf
node,12189086856,9.6997484,76.3503167,depot,industrial,,,,,,,,,industrial-zones.osm.pbf
node,12397227447,18.1175514,83.4210615,scrap_yard,industrial,,,,,,,,,industrial-zones.osm.pbf
node,12596289553,19.0908123,78.3456052,depot,industrial,,,,,,,,,industrial-zones.osm.pbf
node,12596659610,10.037466,76.3407119,depot,industrial,,,,,,,,,industrial-zones.osm.pbf
node,12655151041,10.0614291,76.3639339,depot,industrial,,,,,,,,,industrial-zones.osm.pbf
node,12698411271,28.5541847,77.0529077,depot,industrial,,,,,,,,,industrial-zones.osm.pbf
node,12898573748,21.9055582,84.0285324,oil,industrial,,,,,,,,,industrial-zones.osm.pbf
node,12898573749,21.9061599,84.0302754,,industrial,,,,,,,,,industrial-zones.osm.pbf
node,12913861423,13.0034437,77.5114274,depot,industrial,,,,,,,,Warehouse,industrial-zones.osm.pbf
node,12993649415,16.5074561,80.6785912,slaughterhouse,industrial,,,,,,,,,industrial-zones.osm.pbf
node,12993650736,16.5080457,80.6761871,scrap_yard,industrial,,,,,,,,,industrial-zones.osm.pbf
node,13144484737,18.7285304,73.8597723,depot,industrial,,,,,,,,,industrial-zones.osm.pbf
node,13144484738,18.7293443,73.9904827,depot,industrial,,,,,,,,,industrial-zones.osm.pbf
node,13144484739,18.7219171,73.9881636,depot,industrial,,,,,,,,,industrial-zones.osm.pbf
node,13146724911,28.7140702,77.1720676,depot,industrial,,,,,,,,,industrial-zones.osm.pbf
node,13287684677,9.9171406,78.1046358,depot,industrial,,,,,,,,,industrial-zones.osm.pbf
node,13287684679,9.9174329,78.1003469,depot,industrial,,,,,,,,,industrial-zones.osm.pbf
node,13358595775,16.9989861,79.9302114,brickyard,industrial,,,,,,,,,industrial-zones.osm.pbf
node,13382602625,24.4200708,85.5323777,slaughterhouse,industrial,,,,,,,,,industrial-zones.osm.pbf
node,13570374434,10.5665608,76.2852955,concrete_plant,industrial,,works,,concrete,,,,,industrial-zones.osm.pbf
node,13664629507,18.0014596,79.5568398,depot,industrial,,,,,,,,,industrial-zones.osm.pbf
node,13737427725,15.1133879,80.0379593,slaughterhouse,industrial,,,,,,,,,industrial-zones.osm.pbf
node,13737484092,15.7554576,79.8342235,slaughterhouse,industrial,,,,,,,,,industrial-zones.osm.pbf
node,13901121252,17.7375949,83.3224319,scrap_yard,industrial,,,,,,,,,industrial-zones.osm.pbf
node,13917970037,19.5807311,75.6312066,slaughterhouse,industrial,,,,,,,,,industrial-zones.osm.pbf
node,13926155661,9.5589876,76.7879244,factory,industrial,,,,coconut_oil,,,,,industrial-zones.osm.pbf
node,13945134020,9.5572073,76.7896555,depot,industrial,,,,,,,,,industrial-zones.osm.pbf
node,14006151986,10.5630224,76.364463,concrete_plant,industrial,,works,,concrete,,,,,industrial-zones.osm.pbf
node,14068042329,15.5513257,73.7698452,scrap_yard,industrial,,,,,,,,,industrial-zones.osm.pbf
